,TumbleDryer,WashingMachine,BaseLoad,P_HP
2024-01-01 00:00:00,0.001,0.001,0.31533333333333335,0.0
2024-01-01 00:15:00,0.001,0.001,0.252,0.0
2024-01-01 00:30:00,0.001,0.001,0.1898,0.0
2024-01-01 00:45:00,0.001,0.001,0.017,0.0
2024-01-01 01:00:00,0.001,0.001,0.017,0.0
2024-01-01 01:15:00,0.001,0.001,0.207,0.0
2024-01-01 01:30:00,0.001,0.001,0.13099999999999998,0.0
2024-01-01 01:45:00,0.001,0.001,0.055,0.0
2024-01-01 02:00:00,0.001,0.001,0.5688,0.0
2024-01-01 02:15:00,0.001,0.001,0.017,0.0
2024-01-01 02:30:00,0.001,0.001,0.08033333333333334,2.6666666666666665
2024-01-01 02:45:00,0.001,0.001,0.207,0.0
2024-01-01 03:00:00,0.001,0.001,0.3342,0.0
2024-01-01 03:15:00,0.001,0.001,0.28353333333333336,0.0
2024-01-01 03:30:00,0.001,0.001,0.16899999999999998,0.0
2024-01-01 03:45:00,0.001,0.001,0.055,0.0
2024-01-01 04:00:00,0.001,0.001,0.14366666666666666,0.0
2024-01-01 04:15:00,0.001,0.001,0.19433333333333333,5.0
2024-01-01 04:30:00,0.001,0.001,0.017,4.666666666666667
2024-01-01 04:45:00,0.001,0.001,0.017,0.0
2024-01-01 05:00:00,0.001,0.001,0.093,0.0
2024-01-01 05:15:00,0.001,0.001,0.39753333333333335,0.0
2024-01-01 05:30:00,0.001,0.001,0.34026666666666666,0.0
2024-01-01 05:45:00,0.001,0.001,0.13099999999999998,0.0
2024-01-01 06:00:00,0.001,0.001,0.017,2.6666666666666665
2024-01-01 06:15:00,0.001,0.001,0.0654,0.0
2024-01-01 06:30:00,0.001,0.001,0.138,0.0
2024-01-01 06:45:00,0.001,0.001,0.39133333333333337,0.0
2024-01-01 07:00:00,0.001,0.001,0.341,0.0
2024-01-01 07:15:00,0.001,0.001,0.20166666666666666,0.0
2024-01-01 07:30:00,0.001,0.001,0.09453333333333333,0.0
2024-01-01 07:45:00,0.001,0.001,0.029999999999999995,1.6666666666666667
2024-01-01 08:00:00,0.001,0.001,0.023066666666666666,1.0
2024-01-01 08:15:00,0.001,0.001,0.25766666666666665,0.0
2024-01-01 08:30:00,0.001,0.001,0.2703333333333333,0.0
2024-01-01 08:45:00,0.001,0.001,0.017,0.0
2024-01-01 09:00:00,0.001,0.001,0.017,0.0
2024-01-01 09:15:00,0.001,0.001,0.017,0.0
2024-01-01 09:30:00,0.001,0.001,0.017,0.0
2024-01-01 09:45:00,0.001,0.001,0.245,0.0
2024-01-01 10:00:00,0.001,0.001,0.28300000000000003,2.6666666666666665
2024-01-01 10:15:00,0.001,0.001,0.017,0.0
2024-01-01 10:30:00,0.001,0.001,0.027399999999999997,0.0
2024-01-01 10:45:00,0.001,0.001,0.029999999999999995,0.0
2024-01-01 11:00:00,0.001,0.001,0.09333333333333332,0.0
2024-01-01 11:15:00,0.001,0.001,0.22,0.0
2024-01-01 11:30:00,0.001,0.001,0.22053333333333333,0.0
2024-01-01 11:45:00,0.001,0.001,0.055,0.0
2024-01-01 12:00:00,0.001,0.001,0.017,0.0
2024-01-01 12:15:00,0.001,0.001,0.017,0.0
2024-01-01 12:30:00,0.001,0.001,0.14366666666666666,0.0
2024-01-01 12:45:00,0.001,0.001,0.19433333333333333,2.0
2024-01-01 13:00:00,0.001,0.001,0.49279999999999996,0.6666666666666666
2024-01-01 13:15:00,0.001,0.001,0.13099999999999998,0.0
2024-01-01 13:30:00,0.001,0.001,0.017,0.0
2024-01-01 13:45:00,0.001,0.001,0.017,0.0
2024-01-01 14:00:00,0.001,0.001,0.207,0.0
2024-01-01 14:15:00,0.001,0.001,0.13099999999999998,0.0
2024-01-01 14:30:00,0.001,0.001,0.4168,0.0
2024-01-01 14:45:00,0.001,0.001,0.207,0.0
2024-01-01 15:00:00,0.001,0.001,0.5500666666666666,0.0
2024-01-01 15:15:00,0.001,0.001,0.08033333333333334,0.0
2024-01-01 15:30:00,0.001,0.001,0.207,0.0
2024-01-01 15:45:00,0.001,0.001,0.06766666666666667,0.0
2024-01-01 16:00:00,0.001,0.001,0.0248,2.6666666666666665
2024-01-01 16:15:00,0.001,0.001,0.6770666666666666,0.0
2024-01-01 16:30:00,0.001,0.001,0.10600000000000001,0.0
2024-01-01 16:45:00,0.001,0.001,0.148,0.0
2024-01-01 17:00:00,0.001,0.001,0.19433333333333333,0.0
2024-01-01 17:15:00,0.001,0.001,0.017,0.0
2024-01-01 17:30:00,0.001,0.001,0.5500666666666666,0.0
2024-01-01 17:45:00,0.001,0.001,0.06306666666666666,0.0
2024-01-01 18:00:00,0.001,0.001,0.29000000000000004,0.0
2024-01-01 18:15:00,0.001,0.001,0.4328666666666667,0.0
2024-01-01 18:30:00,0.001,0.001,0.373,0.0
2024-01-01 18:45:00,0.001,0.001,0.259,0.0
2024-01-01 19:00:00,0.001,0.001,0.7920666666666667,2.6666666666666665
2024-01-01 19:15:00,0.001,0.001,0.4343066666666667,0.0
2024-01-01 19:30:00,0.001,0.001,0.7629466666666667,0.0
2024-01-01 19:45:00,0.001,0.001,0.487,0.0
2024-01-01 20:00:00,0.001,0.1613153268107452,0.3096666666666667,0.0
2024-01-01 20:15:00,0.001,0.4742561237541715,0.259,0.0
2024-01-01 20:30:00,0.001,0.614273171681349,0.259,0.0
2024-01-01 20:45:00,0.001,0.15269830158935585,0.6587999999999999,0.0
2024-01-01 21:00:00,0.001,0.3591484120935252,1.0160266666666666,0.0
2024-01-01 21:15:00,0.001,1.3103478708408682,0.9501333333333334,0.0
2024-01-01 21:30:00,0.001,0.24717629226994017,0.7920666666666667,0.0
2024-01-01 21:45:00,0.001,0.10649224540073976,0.272,0.0
2024-01-01 22:00:00,0.001,0.3213968434492331,0.272,0.0
2024-01-01 22:15:00,0.001,0.8709994292464647,0.36032000000000003,0.0
2024-01-01 22:30:00,0.001,0.001,0.462,0.0
2024-01-01 22:45:00,0.001,0.001,0.5760000000000001,0.0
2024-01-01 23:00:00,0.001,0.001,0.6637333333333333,2.0
2024-01-01 23:15:00,0.001,0.001,0.151,1.3333333333333333
2024-01-01 23:30:00,0.001,0.001,0.6840666666666666,0.0
2024-01-01 23:45:00,0.001,0.001,0.21433333333333332,0.0
