,Occupancy,T_set_HP,P_loss_HP,T_ref_HP,T_wall_HP,T_out_HP,SoC_ref_EV,EV_arrival,EV_departure,EV_plugged,SoC_arr_EV
2024-01-01 00:00:00,2.0,15.0,0.7189839960648523,14.96574062893305,13.527170110685795,12.0,0.0,0,0,0,0.0
2024-01-01 00:15:00,2.0,15.0,0.7189839960648523,14.896319830055193,13.580937549216042,12.0,0.0,0,0,0,0.0
2024-01-01 00:30:00,2.0,15.0,0.7189839960648523,14.832643930930175,13.628304035666922,12.0,0.0,0,0,0,0.0
2024-01-01 00:45:00,2.0,15.0,0.7189839960648523,14.774147698592675,13.669911384281644,12.0,0.0,0,0,0,0.0
2024-01-01 01:00:00,2.0,15.0,0.7189839960648523,14.720322066417035,13.706337570788952,12.0,0.0,0,0,0,0.0
2024-01-01 01:15:00,2.0,15.0,0.7189839960648523,14.670708550081171,13.738103079524437,12.0,0.0,0,0,0,0.0
2024-01-01 01:30:00,2.0,15.0,0.7189839960648523,14.624894218707912,13.765676619505058,12.0,0.0,0,0,0,0.0
2024-01-01 01:45:00,2.0,15.0,0.7189839960648523,14.582507165986824,13.78948027219705,12.0,0.0,0,0,0,0.0
2024-01-01 02:00:00,2.0,15.0,0.7189839960648523,14.542742068967046,13.805306387370837,11.0,0.0,0,0,0,0.0
2024-01-01 02:15:00,2.0,15.0,0.7189839960648523,14.635766831232408,13.81361536412004,11.0,0.0,0,0,0,0.0
2024-01-01 02:30:00,2.0,15.0,0.7189839960648523,15.605300400151004,13.851235393307242,11.0,0.0,0,0,0,0.0
2024-01-01 02:45:00,2.0,15.0,0.7189839960648523,15.532128278314916,13.907750796013199,11.0,0.0,0,0,0,0.0
2024-01-01 03:00:00,2.0,15.0,0.7189839960648523,15.452460063616568,13.956941914410438,11.0,0.0,0,0,0,0.0
2024-01-01 03:15:00,2.0,15.0,0.7189839960648523,15.37880885435797,13.999506060759412,11.0,0.0,0,0,0,0.0
2024-01-01 03:30:00,2.0,15.0,0.7189839960648523,15.310586196733162,14.03611101606227,11.0,0.0,0,0,0,0.0
2024-01-01 03:45:00,2.0,15.0,0.7189839960648523,15.247262092276866,14.067358123189225,11.0,0.0,0,0,0,0.0
2024-01-01 04:00:00,2.0,15.0,0.7189839960648523,15.188359186351365,14.093788892552169,11.0,0.0,0,0,0,0.0
2024-01-01 04:15:00,2.0,16.4,0.7189839960648523,15.407531266511189,14.11741693983694,11.0,0.0,0,0,0,0.0
2024-01-01 04:30:00,1.0,15.933333333333334,0.7189839960648523,16.30251811217889,14.17407969403334,11.0,0.0,0,0,0,0.0
2024-01-01 04:45:00,2.0,16.166666666666668,0.7189839960648523,17.43274967764366,14.27099466530154,11.0,0.0,0,0,0,0.0
2024-01-01 05:00:00,2.0,15.0,0.7189839960648523,17.699276801462613,14.399186510594056,10.0,0.0,0,0,0,0.0
2024-01-01 05:15:00,2.0,15.0,0.7189839960648523,17.5390552639522,14.513807343421583,10.0,0.0,0,0,0,0.0
2024-01-01 05:30:00,2.0,15.0,0.7189839960648523,17.391656815661413,14.614199138326589,10.0,0.0,0,0,0,0.0
2024-01-01 05:45:00,1.0,15.233333333333333,0.7189839960648523,17.255822498591534,14.701791121804899,10.0,0.0,0,0,0,0.0
2024-01-01 06:00:00,2.0,15.466666666666667,0.7189839960648523,17.670073029543705,14.789556661953075,10.0,0.0,0,0,0,0.0
2024-01-01 06:15:00,2.0,15.0,0.7189839960648523,17.56686619127708,14.88207796223396,10.0,0.7144444444444449,1,0,1,0.6872222222222223
2024-01-01 06:30:00,2.0,16.4,0.7189839960648523,17.70919106089047,14.964166472921068,10.0,0.772777777777779,0,0,1,0.0
2024-01-01 06:45:00,2.0,15.0,0.7189839960648523,18.455075497537475,15.072089457792234,10.0,0.0,0,1,0,0.0
2024-01-01 07:00:00,2.0,15.0,0.7189839960648523,18.290226868773168,15.18411402480541,10.0,0.0,0,0,0,0.0
2024-01-01 07:15:00,1.0,17.333333333333332,0.7189839960648523,18.13830695299613,15.281838160027954,10.0,0.0,0,0,0,0.0
2024-01-01 07:30:00,1.0,18.5,0.7189839960648523,18.349967250359864,15.369137152183642,10.0,0.7883333333333341,1,0,1,0.7377777777777779
2024-01-01 07:45:00,1.0,18.5,0.7189839960648523,19.006476434103103,15.483457063454564,10.0,0.8000000000000009,0,0,1,0.0
2024-01-01 08:00:00,1.0,18.5,0.7189839960648523,18.83521808458893,15.598166920572682,10.0,0.8000000000000009,0,0,1,0.0
2024-01-01 08:15:00,3.0,18.5,0.7189839960648523,18.678009803469248,15.698137887696062,10.0,0.0,0,1,0,0.0
2024-01-01 08:30:00,3.0,18.5,0.7189839960648523,18.532808402720256,15.78486517908151,10.0,0.0,0,0,0,0.0
2024-01-01 08:45:00,1.0,18.5,0.7189839960648523,18.398438725385713,15.85968247241193,10.0,0.0,0,0,0,0.0
2024-01-01 09:00:00,3.0,18.5,0.7189839960648523,18.27448222173889,15.923799968949792,10.0,0.0,0,0,0,0.0
2024-01-01 09:15:00,1.0,18.5,0.7189839960648523,18.160035620326642,15.978342320778454,10.0,0.0,0,0,0,0.0
2024-01-01 09:30:00,3.0,18.5,0.7189839960648523,18.053490642128352,16.02429096483513,10.0,0.0,0,0,0,0.0
2024-01-01 09:45:00,3.0,18.5,0.7189839960648523,18.843909900874493,16.078419638443986,10.0,0.0,0,0,0,0.0
2024-01-01 10:00:00,1.0,18.5,0.7189839960648523,18.977786274474294,16.166783423703496,11.0,0.0,0,0,0,0.0
2024-01-01 10:15:00,1.0,18.5,0.7189839960648523,18.848290613878223,16.250793670773803,11.0,0.7300000000000004,1,0,1,0.7027777777777778
2024-01-01 10:30:00,1.0,18.5,0.7189839960648523,18.72876176455905,16.32379934783758,11.0,0.7883333333333346,0,0,1,0.0
2024-01-01 10:45:00,3.0,18.5,0.7189839960648523,18.618223727408076,16.386908167583304,11.0,0.8000000000000014,0,0,1,0.0
2024-01-01 11:00:00,3.0,18.5,0.7189839960648523,18.518911842575623,16.445743430544283,12.0,0.8000000000000014,0,0,1,0.0
2024-01-01 11:15:00,3.0,18.5,0.7189839960648523,18.430571813128612,16.50170117315091,12.0,0.8000000000000014,0,0,1,0.0
2024-01-01 11:30:00,1.0,18.5,0.7189839960648523,18.348968732156724,16.550229475693016,12.0,0.8000000000000014,0,0,1,0.0
2024-01-01 11:45:00,1.0,18.5,0.7189839960648523,18.27344329738647,16.592076568235996,12.0,0.8000000000000014,0,0,1,0.0
2024-01-01 12:00:00,1.0,18.5,0.7189839960648523,18.202287084793458,16.62790020081744,12.0,0.8000000000000014,0,0,1,0.0
2024-01-01 12:15:00,1.0,18.5,0.7189839960648523,18.13487815869145,16.658231957476065,12.0,0.8000000000000014,0,0,1,0.0
2024-01-01 12:30:00,1.0,18.5,0.7189839960648523,18.072040728212937,16.68360506872448,12.0,0.8000000000000014,0,0,1,0.0
2024-01-01 12:45:00,1.0,18.5,0.7189839960648523,18.091897154648116,16.704697862686192,12.0,0.0,0,1,0,0.0
2024-01-01 13:00:00,3.0,18.5,0.7189839960648523,19.072012487906747,16.750273150945027,12.0,0.0,0,0,0,0.0
2024-01-01 13:15:00,3.0,18.5,0.7189839960648523,19.00773194053014,16.816808622710173,12.0,0.7688888888888893,1,0,1,0.7416666666666667
2024-01-01 13:30:00,3.0,18.5,0.7189839960648523,18.91186964400913,16.87473535627913,12.0,0.8000000000000008,0,0,1,0.0
2024-01-01 13:45:00,3.0,18.5,0.7189839960648523,18.823189275002292,16.924760639443853,12.0,0.8000000000000008,0,0,1,0.0
2024-01-01 14:00:00,3.0,18.5,0.7189839960648523,18.73803318959125,16.967638514802083,12.0,0.8000000000000008,0,0,1,0.0
2024-01-01 14:15:00,1.0,18.5,0.7189839960648523,18.655538131291205,17.003886981898482,12.0,0.8000000000000008,0,0,1,0.0
2024-01-01 14:30:00,1.0,18.5,0.7189839960648523,18.57859755745582,17.03411712551526,12.0,0.8000000000000008,0,0,1,0.0
2024-01-01 14:45:00,1.0,18.5,0.7189839960648523,18.50667281564881,17.058939693941177,12.0,0.8000000000000008,0,0,1,0.0
2024-01-01 15:00:00,1.0,18.5,0.7189839960648523,18.436410483791686,17.078863373829435,12.0,0.8000000000000008,0,0,1,0.0
2024-01-01 15:15:00,1.0,18.5,0.7189839960648523,18.367149392390495,17.094189957259072,12.0,0.8000000000000008,0,0,1,0.0
2024-01-01 15:30:00,1.0,18.5,0.7189839960648523,18.301856433092574,17.105331533405728,12.0,0.8000000000000008,0,0,1,0.0
2024-01-01 15:45:00,1.0,18.5,0.7189839960648523,18.240152061293728,17.11271784450309,12.0,0.8000000000000008,0,0,1,0.0
2024-01-01 16:00:00,1.0,18.5,0.7189839960648523,18.181135712802025,17.11214682565227,11.0,0.8000000000000008,0,0,1,0.0
2024-01-01 16:15:00,1.0,18.5,0.7189839960648523,18.124161734552892,17.103641463398574,11.0,0.8000000000000008,0,0,1,0.0
2024-01-01 16:30:00,1.0,18.5,0.7189839960648523,18.06948020416759,17.09290640977547,11.0,0.8000000000000008,0,0,1,0.0
2024-01-01 16:45:00,1.0,18.5,0.7189839960648523,18.056206473939913,17.080223049211142,11.0,0.8000000000000008,0,0,1,0.0
2024-01-01 17:00:00,1.0,18.5,0.7189839960648523,19.04355206296432,17.090999933027568,11.0,0.8000000000000008,0,0,1,0.0
2024-01-01 17:15:00,1.0,18.5,0.7189839960648523,19.020402196563687,17.128215349653487,11.0,0.8000000000000008,0,0,1,0.0
2024-01-01 17:30:00,1.0,16.4,0.7189839960648523,18.92463193455063,17.158829377413724,11.0,0.8000000000000008,0,0,1,0.0
2024-01-01 17:45:00,1.0,18.5,0.7189839960648523,18.834782194501447,17.183115388204257,11.0,0.8000000000000008,0,0,1,0.0
2024-01-01 18:00:00,1.0,18.5,0.7189839960648523,18.750282827153733,17.201719385501807,11.0,0.8000000000000008,0,0,1,0.0
2024-01-01 18:15:00,1.0,18.5,0.7189839960648523,18.67062027398964,17.21522305904545,11.0,0.8000000000000008,0,0,1,0.0
2024-01-01 18:30:00,1.0,18.5,0.7189839960648523,18.595331941334898,17.224150179507127,11.0,0.8000000000000008,0,0,1,0.0
2024-01-01 18:45:00,1.0,18.5,0.7189839960648523,18.52400113379588,17.228972357386365,11.0,0.8000000000000008,0,0,1,0.0
2024-01-01 19:00:00,1.0,18.5,0.7189839960648523,18.456252491424106,17.230114229339605,11.0,0.8000000000000008,0,0,1,0.0
2024-01-01 19:15:00,1.0,18.5,0.7189839960648523,18.391747880526285,17.22795812886986,11.0,0.8000000000000008,0,0,1,0.0
2024-01-01 19:30:00,1.0,18.5,0.7189839960648523,18.330182693017523,17.222848292643025,11.0,0.8000000000000008,0,0,1,0.0
2024-01-01 19:45:00,1.0,18.5,0.7189839960648523,18.271282513699212,17.215094648599802,11.0,0.8000000000000008,0,0,1,0.0
2024-01-01 20:00:00,1.0,18.5,0.7189839960648523,18.214800118881797,17.204976227442234,11.0,0.8000000000000008,0,0,1,0.0
2024-01-01 20:15:00,1.0,18.5,0.7189839960648523,18.160512773409202,17.192744234939834,11.0,0.8000000000000008,0,0,1,0.0
2024-01-01 20:30:00,1.0,18.5,0.7189839960648523,18.108219796417213,17.178624818777436,11.0,0.8000000000000008,0,0,1,0.0
2024-01-01 20:45:00,2.0,17.566666666666666,0.7189839960648523,18.057740369107645,17.162821560314203,11.0,0.8000000000000008,0,0,1,0.0
2024-01-01 21:00:00,2.0,15.0,0.7189839960648523,18.00844119787629,17.14092997849496,10.0,0.8000000000000008,0,0,1,0.0
2024-01-01 21:15:00,2.0,15.0,0.7189839960648523,17.959844682312436,17.112795568051506,10.0,0.8000000000000008,0,0,1,0.0
2024-01-01 21:30:00,1.0,16.633333333333333,0.7189839960648523,18.186326275530277,17.085484791219468,10.0,0.8000000000000008,0,0,1,0.0
2024-01-01 21:45:00,1.0,18.5,0.7189839960648523,19.00736790038659,17.094308412434717,10.0,0.8000000000000008,0,0,1,0.0
2024-01-01 22:00:00,1.0,18.5,0.7189839960648523,18.909568571869922,17.116512365550722,10.0,0.8000000000000008,0,0,1,0.0
2024-01-01 22:15:00,2.0,17.566666666666666,0.7189839960648523,18.817398275263965,17.13277462875666,10.0,0.8000000000000008,0,0,1,0.0
2024-01-01 22:30:00,2.0,15.0,0.7189839960648523,18.730318373448064,17.14370510470101,10.0,0.8000000000000008,0,0,1,0.0
2024-01-01 22:45:00,2.0,15.0,0.7189839960648523,18.647843674040153,17.149852959676043,10.0,0.8000000000000008,0,0,1,0.0
2024-01-01 23:00:00,2.0,15.0,0.7189839960648523,18.56953711634598,17.15171266267733,10.0,0.8000000000000008,0,0,1,0.0
2024-01-01 23:15:00,2.0,15.0,0.7189839960648523,18.495004986541627,17.149729424042775,10.0,0.8000000000000008,0,0,1,0.0
2024-01-01 23:30:00,2.0,15.0,0.7189839960648523,18.42389260857137,17.14430409336656,10.0,0.8000000000000008,0,0,1,0.0
2024-01-01 23:45:00,2.0,15.0,0.7189839960648523,18.355880463464008,17.13579757044811,10.0,0.8000000000000008,0,0,1,0.0
2024-01-02 00:00:00,2.0,15.0,0.7189839960648523,18.29068069447325,17.124534777691355,10.0,0.8000000000000008,0,0,1,0.0
2024-01-02 00:15:00,2.0,15.0,0.7189839960648523,18.22803395968274,17.110808237555982,10.0,0.8000000000000008,0,0,1,0.0
2024-01-02 00:30:00,2.0,15.0,0.7189839960648523,18.167706597529804,17.09488129432731,10.0,0.8000000000000008,0,0,1,0.0
2024-01-02 00:45:00,2.0,15.0,0.7189839960648523,18.109488074136983,17.076991015567607,10.0,0.8000000000000008,0,0,1,0.0
2024-01-02 01:00:00,2.0,15.0,0.7189839960648523,18.053659047033264,17.06193854520443,11.0,0.8000000000000008,0,0,1,0.0
2024-01-02 01:15:00,2.0,15.0,0.7189839960648523,18.000379348845794,17.050235439429756,11.0,0.8000000000000008,0,0,1,0.0
2024-01-02 01:30:00,2.0,15.0,0.7189839960648523,17.949070893347123,17.03666260300712,11.0,0.8000000000000008,0,0,1,0.0
2024-01-02 01:45:00,2.0,15.0,0.7189839960648523,17.899554765462497,17.02142149751789,11.0,0.8000000000000008,0,0,1,0.0
2024-01-02 02:00:00,2.0,15.0,0.7189839960648523,17.851199388068345,17.00010573473379,10.0,0.8000000000000008,0,0,1,0.0
2024-01-02 02:15:00,2.0,15.0,0.7189839960648523,17.80352870859743,16.972559093671023,10.0,0.8000000000000008,0,0,1,0.0
2024-01-02 02:30:00,2.0,15.0,0.7189839960648523,17.75683584404168,16.944320504450722,10.0,0.8000000000000008,0,0,1,0.0
2024-01-02 02:45:00,2.0,15.0,0.7189839960648523,17.7110428848929,16.915476370463267,10.0,0.8000000000000008,0,0,1,0.0
2024-01-02 03:00:00,2.0,15.0,0.7189839960648523,17.666079568498446,16.886104414291015,10.0,0.8000000000000008,0,0,1,0.0
2024-01-02 03:15:00,2.0,15.0,0.7189839960648523,17.621882519301018,16.856274541239,10.0,0.8000000000000008,0,0,1,0.0
2024-01-02 03:30:00,2.0,15.0,0.7189839960648523,17.57839456461312,16.826049617008874,10.0,0.8000000000000008,0,0,1,0.0
2024-01-02 03:45:00,2.0,15.0,0.7189839960648523,17.535564118416218,16.795486168052335,10.0,0.8000000000000008,0,0,1,0.0
2024-01-02 04:00:00,2.0,15.0,0.7189839960648523,17.493344626421468,16.764635012291368,10.0,0.8000000000000008,0,0,1,0.0
2024-01-02 04:15:00,1.0,16.4,0.7189839960648523,17.647681041093918,16.734415410397194,10.0,0.8000000000000008,0,0,1,0.0
2024-01-02 04:30:00,2.0,15.7,0.7189839960648523,19.057938678183767,16.74840688833755,10.0,0.8000000000000008,0,0,1,0.0
2024-01-02 04:45:00,2.0,15.0,0.7189839960648523,19.017260702587862,16.796253713656245,10.0,0.8000000000000008,0,0,1,0.0
2024-01-02 05:00:00,2.0,15.0,0.7189839960648523,18.905277350383688,16.83605211529193,10.0,0.8000000000000008,0,0,1,0.0
2024-01-02 05:15:00,2.0,15.0,0.7189839960648523,18.800400991821004,16.868221334693523,10.0,0.8000000000000008,0,0,1,0.0
2024-01-02 05:30:00,2.0,15.0,0.7189839960648523,18.70194569952911,16.89353873191423,10.0,0.8000000000000008,0,0,1,0.0
2024-01-02 05:45:00,2.0,15.0,0.7189839960648523,18.609293636611607,16.912704283260915,10.0,0.8000000000000008,0,0,1,0.0
2024-01-02 06:00:00,2.0,15.0,0.7189839960648523,18.521888287472134,16.926348275468744,10.0,0.8000000000000008,0,0,1,0.0
2024-01-02 06:15:00,2.0,15.0,0.7189839960648523,18.43922836164485,16.935038234900002,10.0,0.8000000000000008,0,0,1,0.0
2024-01-02 06:30:00,2.0,15.0,0.7189839960648523,18.36086230371803,16.939285167822742,10.0,0.8000000000000008,0,0,1,0.0
2024-01-02 06:45:00,1.0,16.4,0.7189839960648523,18.286383349091434,16.9395491802634,10.0,0.8000000000000008,0,0,1,0.0
2024-01-02 07:00:00,2.0,15.7,0.7189839960648523,18.21589543389961,16.940832279226456,11.0,0.8000000000000008,0,0,1,0.0
2024-01-02 07:15:00,1.0,17.1,0.7189839960648523,18.149399239041205,16.943826913325793,11.0,0.0,0,1,0,0.0
2024-01-02 07:30:00,1.0,18.5,0.7189839960648523,18.08617334940989,16.943476894624283,11.0,0.0,0,0,0,0.0
2024-01-02 07:45:00,3.0,18.5,0.7189839960648523,18.025909770757945,16.94013039500602,11.0,0.6833333333333339,1,0,1,0.6483333333333334
2024-01-02 08:00:00,3.0,18.5,0.7189839960648523,18.934186968795252,16.952920452783424,11.0,0.741666666666668,0,0,1,0.0
2024-01-02 08:15:00,3.0,18.5,0.7189839960648523,19.023711297430715,16.997493690872076,11.0,0.8000000000000022,0,0,1,0.0
2024-01-02 08:30:00,3.0,18.5,0.7189839960648523,18.922111104903273,17.035783163362314,11.0,0.8000000000000022,0,0,1,0.0
2024-01-02 08:45:00,3.0,18.5,0.7189839960648523,18.827059331553183,17.06702553149746,11.0,0.8000000000000022,0,0,1,0.0
2024-01-02 09:00:00,3.0,18.5,0.7189839960648523,18.737919317188094,17.091938010993065,11.0,0.8000000000000022,0,0,1,0.0
2024-01-02 09:15:00,3.0,18.5,0.7189839960648523,18.65412076122246,17.111166215910757,11.0,0.8000000000000022,0,0,1,0.0
2024-01-02 09:30:00,1.0,18.5,0.7189839960648523,18.575154735108676,17.12529167461888,11.0,0.8000000000000022,0,0,1,0.0
2024-01-02 09:45:00,3.0,18.5,0.7189839960648523,18.500558735503343,17.134838092542022,11.0,0.8000000000000022,0,0,1,0.0
2024-01-02 10:00:00,3.0,18.5,0.7189839960648523,18.43143454019255,17.14029887357354,11.0,0.8000000000000022,0,0,1,0.0
2024-01-02 10:15:00,1.0,18.5,0.7189839960648523,18.36752553565985,17.14220100127482,11.0,0.8000000000000022,0,0,1,0.0
2024-01-02 10:30:00,1.0,18.5,0.7189839960648523,18.306714677281775,17.1409446759438,11.0,0.8000000000000022,0,0,1,0.0
2024-01-02 10:45:00,1.0,18.5,0.7189839960648523,18.248710650676273,17.136859158851905,11.0,0.8000000000000022,0,0,1,0.0
2024-01-02 11:00:00,1.0,18.5,0.7189839960648523,18.191868267399567,17.130220998443384,11.0,0.8000000000000022,0,0,1,0.0
2024-01-02 11:15:00,3.0,18.5,0.7189839960648523,18.135843028207923,17.12120384083903,11.0,0.0,0,1,0,0.0
2024-01-02 11:30:00,1.0,18.5,0.7189839960648523,18.082041988617128,17.11003165870917,11.0,0.0,0,0,0,0.0
2024-01-02 11:45:00,1.0,18.5,0.7189839960648523,18.030261186677258,17.09693437190991,11.0,0.632777777777778,1,0,1,0.6211111111111112
2024-01-02 12:00:00,1.0,18.5,0.7189839960648523,18.718214496721377,17.09751589664425,12.0,0.6911111111111121,0,0,1,0.0
2024-01-02 12:15:00,1.0,18.5,0.7189839960648523,19.054360203405356,17.14123210339966,12.0,0.7494444444444462,0,0,1,0.0
2024-01-02 12:30:00,1.0,18.5,0.7189839960648523,18.959404755375598,17.182471606519965,12.0,0.8000000000000025,0,0,1,0.0
2024-01-02 12:45:00,1.0,18.5,0.7189839960648523,18.87082048393866,17.21681156317809,12.0,0.8000000000000025,0,0,1,0.0
2024-01-02 13:00:00,3.0,18.5,0.7189839960648523,18.787996801369243,17.24495241312197,12.0,0.8000000000000025,0,0,1,0.0
2024-01-02 13:15:00,3.0,18.5,0.7189839960648523,18.710377909680666,17.267525269498154,12.0,0.8000000000000025,0,0,1,0.0
2024-01-02 13:30:00,3.0,18.5,0.7189839960648523,18.637454376540834,17.285098078064156,12.0,0.8000000000000025,0,0,1,0.0
2024-01-02 13:45:00,3.0,18.5,0.7189839960648523,18.568774887122874,17.298182099875103,12.0,0.8000000000000025,0,0,1,0.0
2024-01-02 14:00:00,1.0,18.5,0.7189839960648523,18.504361964457583,17.3072438668359,12.0,0.8000000000000025,0,0,1,0.0
2024-01-02 14:15:00,1.0,18.5,0.7189839960648523,18.443882955463618,17.312726828463234,12.0,0.8000000000000025,0,0,1,0.0
2024-01-02 14:30:00,3.0,18.5,0.7189839960648523,18.386505321968716,17.315009277168592,12.0,0.8000000000000025,0,0,1,0.0
2024-01-02 14:45:00,3.0,18.5,0.7189839960648523,18.331935661653485,17.314423044528432,12.0,0.8000000000000025,0,0,1,0.0
2024-01-02 15:00:00,1.0,18.5,0.7189839960648523,18.279227868825792,17.311257089183506,12.0,0.8000000000000025,0,0,1,0.0
2024-01-02 15:15:00,1.0,18.5,0.7189839960648523,18.22809055115074,17.30573442832918,12.0,0.8000000000000025,0,0,1,0.0
2024-01-02 15:30:00,2.0,16.4,0.7189839960648523,18.1791080093337,17.29808920242558,12.0,0.8000000000000025,0,0,1,0.0
2024-01-02 15:45:00,1.0,15.7,0.7189839960648523,18.13208104576208,17.288546154322056,12.0,0.8000000000000025,0,0,1,0.0
2024-01-02 16:00:00,1.0,18.5,0.7189839960648523,18.0862605304987,17.272718442955735,11.0,0.8000000000000025,0,0,1,0.0
2024-01-02 16:15:00,1.0,18.5,0.7189839960648523,18.04114622024075,17.250462051053898,11.0,0.8000000000000025,0,0,1,0.0
2024-01-02 16:30:00,1.0,18.5,0.7189839960648523,18.426647832699796,17.230936924633347,11.0,0.8000000000000025,0,0,1,0.0
2024-01-02 16:45:00,1.0,18.5,0.7189839960648523,19.088714127070496,17.250527645273372,11.0,0.8000000000000025,0,0,1,0.0
2024-01-02 17:00:00,1.0,18.5,0.7189839960648523,18.995355288870766,17.277374406880806,11.0,0.8000000000000025,0,0,1,0.0
2024-01-02 17:15:00,1.0,18.5,0.7189839960648523,18.907629987416968,17.2982246230788,11.0,0.8000000000000025,0,0,1,0.0
2024-01-02 17:30:00,1.0,18.5,0.7189839960648523,18.824996848646563,17.313691562749945,11.0,0.8000000000000025,0,0,1,0.0
2024-01-02 17:45:00,1.0,18.5,0.7189839960648523,18.746968227097668,17.32432743445641,11.0,0.8000000000000025,0,0,1,0.0
2024-01-02 18:00:00,1.0,18.5,0.7189839960648523,18.673104864575677,17.33062945765375,11.0,0.8000000000000025,0,0,1,0.0
2024-01-02 18:15:00,1.0,18.5,0.7189839960648523,18.60301107986556,17.333045330287653,11.0,0.8000000000000025,0,0,1,0.0
2024-01-02 18:30:00,1.0,18.5,0.7189839960648523,18.536330436691955,17.331978152786885,11.0,0.8000000000000025,0,0,1,0.0
2024-01-02 18:45:00,1.0,18.5,0.7189839960648523,18.47274184237864,17.32779086249864,11.0,0.8000000000000025,0,0,1,0.0
2024-01-02 19:00:00,1.0,18.5,0.7189839960648523,18.411956034386147,17.320810227239427,11.0,0.8000000000000025,0,0,1,0.0
2024-01-02 19:15:00,1.0,18.5,0.7189839960648523,18.353712416163777,17.31133044179524,11.0,0.8000000000000025,0,0,1,0.0
2024-01-02 19:30:00,3.0,18.5,0.7189839960648523,18.297776207586356,17.29961636684682,11.0,0.8000000000000025,0,0,1,0.0
2024-01-02 19:45:00,3.0,18.5,0.7189839960648523,18.24393587869895,17.28590644587091,11.0,0.8000000000000025,0,0,1,0.0
2024-01-02 20:00:00,1.0,18.5,0.7189839960648523,18.191530476002324,17.265827591925095,10.0,0.8000000000000025,0,0,1,0.0
2024-01-02 20:15:00,3.0,18.5,0.7189839960648523,18.1400574870995,17.23925357065642,10.0,0.8000000000000025,0,0,1,0.0
2024-01-02 20:30:00,1.0,18.5,0.7189839960648523,18.089786195749717,17.211750313732068,10.0,0.8000000000000025,0,0,1,0.0
2024-01-02 20:45:00,1.0,18.5,0.7189839960648523,18.04061722468764,17.183428537807245,10.0,0.8000000000000025,0,0,1,0.0
2024-01-02 21:00:00,1.0,18.5,0.7189839960648523,18.499313913613303,17.159416009201973,10.0,0.8000000000000025,0,0,1,0.0
2024-01-02 21:15:00,1.0,18.5,0.7189839960648523,19.07624492252419,17.17542335881255,10.0,0.8000000000000025,0,0,1,0.0
2024-01-02 21:30:00,2.0,15.7,0.7189839960648523,18.97893428557283,17.19625368523332,10.0,0.8000000000000025,0,0,1,0.0
2024-01-02 21:45:00,2.0,15.0,0.7189839960648523,18.8871664381335,17.211244549049955,10.0,0.8000000000000025,0,0,1,0.0
2024-01-02 22:00:00,2.0,15.0,0.7189839960648523,18.800411510780943,17.220995865488113,10.0,0.8000000000000025,0,0,1,0.0
2024-01-02 22:15:00,2.0,15.0,0.7189839960648523,18.71819220613117,17.226047805486157,10.0,0.8000000000000025,0,0,1,0.0
2024-01-02 22:30:00,2.0,15.0,0.7189839960648523,18.640078572561425,17.22688673612545,10.0,0.8000000000000025,0,0,1,0.0
2024-01-02 22:45:00,2.0,15.0,0.7189839960648523,18.565683297536506,17.223950570446075,10.0,0.8000000000000025,0,0,1,0.0
2024-01-02 23:00:00,2.0,15.0,0.7189839960648523,18.494657468881126,17.217633585368464,10.0,0.8000000000000025,0,0,1,0.0
2024-01-02 23:15:00,2.0,15.0,0.7189839960648523,18.4266867574739,17.2082907606031,10.0,0.8000000000000025,0,0,1,0.0
2024-01-02 23:30:00,2.0,15.0,0.7189839960648523,18.361487979464258,17.196241686172737,10.0,0.8000000000000025,0,0,1,0.0
2024-01-02 23:45:00,2.0,15.0,0.7189839960648523,18.298806000279214,17.181774081436902,10.0,0.8000000000000025,0,0,1,0.0
2024-01-03 00:00:00,2.0,15.0,0.7189839960648523,18.237940583838302,17.16055922413503,9.0,0.8000000000000025,0,0,1,0.0
2024-01-03 00:15:00,2.0,15.0,0.7189839960648523,18.178353827560816,17.13251082174044,9.0,0.8000000000000025,0,0,1,0.0
2024-01-03 00:30:00,2.0,15.0,0.7189839960648523,18.12028313049585,17.10323076468368,9.0,0.8000000000000025,0,0,1,0.0
2024-01-03 00:45:00,2.0,15.0,0.7189839960648523,18.06360038768613,17.07286214138733,9.0,0.8000000000000025,0,0,1,0.0
2024-01-03 01:00:00,2.0,15.0,0.7189839960648523,18.0081901145519,17.041533708172086,9.0,0.8000000000000025,0,0,1,0.0
2024-01-03 01:15:00,2.0,15.0,0.7189839960648523,17.953948192738654,17.009361314732317,9.0,0.8000000000000025,0,0,1,0.0
2024-01-03 01:30:00,2.0,15.0,0.7189839960648523,17.90078074065266,16.976449187884718,9.0,0.8000000000000025,0,0,1,0.0
2024-01-03 01:45:00,2.0,15.0,0.7189839960648523,17.84860309628749,16.942891087680753,9.0,0.8000000000000025,0,0,1,0.0
2024-01-03 02:00:00,2.0,15.0,0.7189839960648523,17.79686853857725,16.90418360846404,8.0,0.8000000000000025,0,0,1,0.0
2024-01-03 02:15:00,2.0,15.0,0.7189839960648523,17.745177408409365,16.860083133807755,8.0,0.8000000000000025,0,0,1,0.0
2024-01-03 02:30:00,2.0,15.0,0.7189839960648523,17.69389159513326,16.816049863855955,8.0,0.8000000000000025,0,0,1,0.0
2024-01-03 02:45:00,2.0,15.0,0.7189839960648523,17.64299509834165,16.77209927606751,8.0,0.8000000000000025,0,0,1,0.0
2024-01-03 03:00:00,2.0,15.0,0.7189839960648523,17.592473383719817,16.72824519536241,8.0,0.8000000000000025,0,0,1,0.0
2024-01-03 03:15:00,2.0,15.0,0.7189839960648523,17.542313237923217,16.684499959004857,8.0,0.8000000000000025,0,0,1,0.0
2024-01-03 03:30:00,2.0,15.0,0.7189839960648523,17.49250263788024,16.640874565090368,8.0,0.8000000000000025,0,0,1,0.0
2024-01-03 03:45:00,2.0,15.0,0.7189839960648523,17.44303063308589,16.59737880626689,8.0,0.8000000000000025,0,0,1,0.0
2024-01-03 04:00:00,2.0,15.0,0.7189839960648523,17.394357602195036,16.55860913026689,9.0,0.8000000000000025,0,0,1,0.0
2024-01-03 04:15:00,2.0,16.4,0.7189839960648523,17.620888943649383,16.526418719877615,9.0,0.8000000000000025,0,0,1,0.0
2024-01-03 04:30:00,2.0,15.7,0.7189839960648523,18.44175338759769,16.53064540306548,9.0,0.8000000000000025,0,0,1,0.0
2024-01-03 04:45:00,1.0,17.566666666666666,0.7189839960648523,18.34357365020852,16.548508046495673,9.0,0.8000000000000025,0,0,1,0.0
2024-01-03 05:00:00,2.0,18.033333333333335,0.7189839960648523,18.25084105566957,16.560660246920893,9.0,0.8000000000000025,0,0,1,0.0
2024-01-03 05:15:00,2.0,15.0,0.7189839960648523,18.16303617838132,16.567689944308437,9.0,0.8000000000000025,0,0,1,0.0
2024-01-03 05:30:00,2.0,15.0,0.7189839960648523,18.079691121639385,16.570126520573464,9.0,0.8000000000000025,0,0,1,0.0
2024-01-03 05:45:00,2.0,15.0,0.7189839960648523,18.000384395091167,16.56844662209331,9.0,0.8000000000000025,0,0,1,0.0
2024-01-03 06:00:00,1.0,18.033333333333335,0.7189839960648523,18.662111609103743,16.573887851176,9.0,0.0,0,1,0,0.0
2024-01-03 06:15:00,2.0,17.566666666666666,0.7189839960648523,18.97281973657206,16.61578317324951,9.0,0.0,0,0,0,0.0
2024-01-03 06:30:00,2.0,15.0,0.7189839960648523,18.85354120651755,16.654092737032435,9.0,0.0,0,0,0,0.0
2024-01-03 06:45:00,2.0,15.0,0.7189839960648523,18.741644804594674,16.68451058603495,9.0,0.0,0,0,0,0.0
2024-01-03 07:00:00,1.0,16.166666666666668,0.7189839960648523,18.636419559417373,16.70784228912782,9.0,0.0,0,0,0,0.0
2024-01-03 07:15:00,2.0,17.333333333333332,0.7189839960648523,18.53722506815128,16.724813216031666,9.0,0.0,0,0,0,0.0
2024-01-03 07:30:00,2.0,15.0,0.7189839960648523,18.44348448102392,16.73607651146137,9.0,0.0,0,0,0,0.0
2024-01-03 07:45:00,2.0,15.0,0.7189839960648523,18.35467818332859,16.74222027645903,9.0,0.0,0,0,0,0.0
2024-01-03 08:00:00,2.0,15.0,0.7189839960648523,18.270453416880887,16.743775695140513,9.0,0.0,0,0,0,0.0
2024-01-03 08:15:00,2.0,15.0,0.7189839960648523,18.190397545419373,16.74122731657236,9.0,0.0,0,0,0,0.0
2024-01-03 08:30:00,1.0,16.633333333333333,0.7189839960648523,18.11399562544407,16.735005766926488,9.0,0.0,0,0,0,0.0
2024-01-03 08:45:00,2.0,18.266666666666666,0.7189839960648523,18.040906469961808,16.72549639484552,9.0,0.0,0,0,0,0.0
2024-01-03 09:00:00,1.0,15.233333333333333,0.7189839960648523,17.97091915864608,16.71304752134376,9.0,0.0,0,0,0,0.0
2024-01-03 09:15:00,1.0,18.5,0.7189839960648523,18.86945905116939,16.716795231852053,9.0,0.0,0,0,0,0.0
2024-01-03 09:30:00,1.0,18.5,0.7189839960648523,18.94910734398029,16.75237537006846,9.0,0.0,0,0,0,0.0
2024-01-03 09:45:00,1.0,18.5,0.7189839960648523,18.837682443760222,16.78171717399101,9.0,0.0,0,0,0,0.0
2024-01-03 10:00:00,1.0,18.5,0.7189839960648523,18.732895095188024,16.8040576926199,9.0,0.0,0,0,0,0.0
2024-01-03 10:15:00,3.0,18.5,0.7189839960648523,18.63411513537793,16.820116601036315,9.0,0.0,0,0,0,0.0
2024-01-03 10:30:00,3.0,18.5,0.7189839960648523,18.540727576377538,16.830540048845716,9.0,0.0,0,0,0,0.0
2024-01-03 10:45:00,3.0,18.5,0.7189839960648523,18.452219022426487,16.83590905666274,9.0,0.0,0,0,0,0.0
2024-01-03 11:00:00,3.0,18.5,0.7189839960648523,18.368060141407092,16.836745810043087,9.0,0.0,0,0,0,0.0
2024-01-03 11:15:00,3.0,18.5,0.7189839960648523,18.28782910203165,16.83351682920794,9.0,0.6638888888888894,1,0,1,0.6327777777777779
2024-01-03 11:30:00,1.0,18.5,0.7189839960648523,18.2112289410968,16.82664541859964,9.0,0.7222222222222235,0,0,1,0.0
2024-01-03 11:45:00,3.0,18.5,0.7189839960648523,18.137920973397044,16.816514060009858,9.0,0.0,0,1,0,0.0
2024-01-03 12:00:00,1.0,18.5,0.7189839960648523,18.067736774906653,16.80346907079928,9.0,0.0,0,0,0,0.0
2024-01-03 12:15:00,3.0,18.5,0.7189839960648523,18.27449585747771,16.78935566884093,9.0,0.0,0,0,0,0.0
2024-01-03 12:30:00,3.0,18.5,0.7189839960648523,19.0773514625526,16.809677524458678,9.0,0.0,0,0,0,0.0
2024-01-03 12:45:00,3.0,18.5,0.7189839960648523,18.962752021594987,16.84185149056618,9.0,0.7494444444444447,1,0,1,0.73
2024-01-03 13:00:00,1.0,18.5,0.7189839960648523,18.855050097265227,16.866709722952823,9.0,0.8000000000000009,0,0,1,0.0
2024-01-03 13:15:00,3.0,18.5,0.7189839960648523,18.753586324468017,16.88500195455251,9.0,0.8000000000000009,0,0,1,0.0
2024-01-03 13:30:00,3.0,18.5,0.7189839960648523,18.657744169422717,16.897402378893158,9.0,0.8000000000000009,0,0,1,0.0
2024-01-03 13:45:00,3.0,18.5,0.7189839960648523,18.566987640125987,16.90451767925849,9.0,0.8000000000000009,0,0,1,0.0
2024-01-03 14:00:00,3.0,18.5,0.7189839960648523,18.480683092298026,16.902310971969907,8.0,0.8000000000000009,0,0,1,0.0
2024-01-03 14:15:00,1.0,18.5,0.7189839960648523,18.39808978631263,16.890976184087588,8.0,0.8000000000000009,0,0,1,0.0
2024-01-03 14:30:00,3.0,18.5,0.7189839960648523,18.318865568922376,16.87635191672119,8.0,0.8000000000000009,0,0,1,0.0
2024-01-03 14:45:00,1.0,18.5,0.7189839960648523,18.242700331788487,16.858787885276026,8.0,0.0,0,1,0,0.0
2024-01-03 15:00:00,1.0,18.5,0.7189839960648523,18.169160628655774,16.843177673804256,9.0,0.0,0,0,0,0.0
2024-01-03 15:15:00,1.0,18.5,0.7189839960648523,18.09827668627391,16.830082049439618,9.0,0.8000000000000003,1,0,1,0.7844444444444445
2024-01-03 15:30:00,1.0,18.5,0.7189839960648523,18.03012918966367,16.814356769772886,9.0,0.8000000000000003,0,0,1,0.0
2024-01-03 15:45:00,1.0,18.5,0.7189839960648523,18.930162953483435,16.815100704242617,9.0,0.0,0,1,0,0.0
2024-01-03 16:00:00,1.0,18.5,0.7189839960648523,19.011063420298626,16.847920423914687,9.0,0.0,0,0,0,0.0
2024-01-03 16:15:00,1.0,18.5,0.7189839960648523,18.900667461907666,16.874718975050325,9.0,0.0,0,0,0,0.0
2024-01-03 16:30:00,1.0,18.5,0.7189839960648523,18.796705399404427,16.89471088741029,9.0,0.0,0,0,0,0.0
2024-01-03 16:45:00,1.0,18.5,0.7189839960648523,18.698560871090667,16.908594153752446,9.0,0.0,0,0,0,0.0
2024-01-03 17:00:00,1.0,18.5,0.7189839960648523,18.605678675782052,16.916997261596183,9.0,0.8000000000000005,1,0,1,0.768888888888889
2024-01-03 17:15:00,1.0,18.5,0.7189839960648523,18.517558692696905,16.920486104160467,9.0,0.8000000000000005,0,0,1,0.0
2024-01-03 17:30:00,1.0,18.5,0.7189839960648523,18.433750405841028,16.919570204196912,9.0,0.8000000000000005,0,0,1,0.0
2024-01-03 17:45:00,1.0,18.5,0.7189839960648523,18.353847972788273,16.914708319031533,9.0,0.8000000000000005,0,0,1,0.0
2024-01-03 18:00:00,1.0,18.5,0.7189839960648523,18.277015421131523,16.901725748228117,8.0,0.8000000000000005,0,0,1,0.0
2024-01-03 18:15:00,1.0,18.5,0.7189839960648523,18.202592595047427,16.880674896785106,8.0,0.8000000000000005,0,0,1,0.0
2024-01-03 18:30:00,1.0,18.5,0.7189839960648523,18.130706782968176,16.857282551994444,8.0,0.8000000000000005,0,0,1,0.0
2024-01-03 18:45:00,1.0,18.5,0.7189839960648523,18.06113070475828,16.831804270628208,8.0,0.8000000000000005,0,0,1,0.0
2024-01-03 19:00:00,1.0,18.5,0.7189839960648523,18.42317459693305,16.80807524129974,8.0,0.8000000000000005,0,0,1,0.0
2024-01-03 19:15:00,1.0,18.5,0.7189839960648523,19.06269472313276,16.82258436405674,8.0,0.8000000000000005,0,0,1,0.0
2024-01-03 19:30:00,1.0,18.5,0.7189839960648523,18.94761793183354,16.843565745373827,8.0,0.8000000000000005,0,0,1,0.0
2024-01-03 19:45:00,3.0,18.5,0.7189839960648523,18.838927803454283,16.85785134029699,8.0,0.8000000000000005,0,0,1,0.0
2024-01-03 20:00:00,3.0,18.5,0.7189839960648523,18.736015303321015,16.86613051986373,8.0,0.8000000000000005,0,0,1,0.0
2024-01-03 20:15:00,3.0,18.5,0.7189839960648523,18.63833181529952,16.869023994749778,8.0,0.8000000000000005,0,0,1,0.0
2024-01-03 20:30:00,3.0,18.5,0.7189839960648523,18.545383135522236,16.867090642270615,8.0,0.8000000000000005,0,0,1,0.0
2024-01-03 20:45:00,1.0,18.5,0.7189839960648523,18.456724063269746,16.860833654622986,8.0,0.8000000000000005,0,0,1,0.0
2024-01-03 21:00:00,1.0,18.5,0.7189839960648523,18.37195352963635,16.850706075850184,8.0,0.8000000000000005,0,0,1,0.0
2024-01-03 21:15:00,1.0,18.5,0.7189839960648523,18.29071021051194,16.837115788305802,8.0,0.8000000000000005,0,0,1,0.0
2024-01-03 21:30:00,1.0,18.5,0.7189839960648523,18.212668575728344,16.820430003348115,8.0,0.8000000000000005,0,0,1,0.0
2024-01-03 21:45:00,1.0,17.8,0.7189839960648523,18.13753533100557,16.800979305555675,8.0,0.8000000000000005,0,0,1,0.0
2024-01-03 22:00:00,1.0,18.5,0.7189839960648523,18.06457585104481,16.77447355474536,7.0,0.8000000000000005,0,0,1,0.0
2024-01-03 22:15:00,1.0,18.5,0.7189839960648523,18.422736287785376,16.744466340002543,7.0,0.8000000000000005,0,0,1,0.0
2024-01-03 22:30:00,1.0,18.5,0.7189839960648523,19.058266944746087,16.75287265775297,7.0,0.8000000000000005,0,0,1,0.0
2024-01-03 22:45:00,2.0,16.633333333333333,0.7189839960648523,18.939107736361006,16.767911481277924,7.0,0.8000000000000005,0,0,1,0.0
2024-01-03 23:00:00,2.0,15.0,0.7189839960648523,18.826253996994186,16.776401125185505,7.0,0.8000000000000005,0,0,1,0.0
2024-01-03 23:15:00,2.0,15.0,0.7189839960648523,18.719107264414,16.77901866447804,7.0,0.8000000000000005,0,0,1,0.0
2024-01-03 23:30:00,2.0,15.0,0.7189839960648523,18.61712843095982,16.77637372459547,7.0,0.8000000000000005,0,0,1,0.0
2024-01-03 23:45:00,2.0,15.0,0.7189839960648523,18.519831843117114,16.769015188096326,7.0,0.8000000000000005,0,0,1,0.0
2024-01-04 00:00:00,2.0,15.0,0.7189839960648523,18.4267799877231,16.757437234540962,7.0,0.8000000000000005,0,0,1,0.0
2024-01-04 00:15:00,2.0,15.0,0.7189839960648523,18.337578706478784,16.74208477987151,7.0,0.8000000000000005,0,0,1,0.0
2024-01-04 00:30:00,2.0,15.0,0.7189839960648523,18.251872886241916,16.723358374992145,7.0,0.8000000000000005,0,0,1,0.0
2024-01-04 00:45:00,2.0,15.0,0.7189839960648523,18.169342577797625,16.701618617317276,7.0,0.8000000000000005,0,0,1,0.0
2024-01-04 01:00:00,2.0,15.0,0.7189839960648523,18.089699500506416,16.677190123709558,7.0,0.8000000000000005,0,0,1,0.0
2024-01-04 01:15:00,2.0,15.0,0.7189839960648523,18.012683894464747,16.65036510841543,7.0,0.8000000000000005,0,0,1,0.0
2024-01-04 01:30:00,2.0,15.0,0.7189839960648523,17.9380616856276,16.621406605270316,7.0,0.8000000000000005,0,0,1,0.0
2024-01-04 01:45:00,2.0,15.0,0.7189839960648523,17.86562193277773,16.59055136954104,7.0,0.8000000000000005,0,0,1,0.0
2024-01-04 02:00:00,2.0,15.0,0.7189839960648523,17.795174528319635,16.5580124912567,7.0,0.8000000000000005,0,0,1,0.0
2024-01-04 02:15:00,2.0,15.0,0.7189839960648523,17.72654812766246,16.523981748712615,7.0,0.8000000000000005,0,0,1,0.0
2024-01-04 02:30:00,2.0,15.0,0.7189839960648523,17.65958828446501,16.48863172797985,7.0,0.8000000000000005,0,0,1,0.0
2024-01-04 02:45:00,2.0,15.0,0.7189839960648523,17.59415577127548,16.45211773168474,7.0,0.8000000000000005,0,0,1,0.0
2024-01-04 03:00:00,2.0,15.0,0.7189839960648523,17.530125067133717,16.414579498009648,7.0,0.8000000000000005,0,0,1,0.0
2024-01-04 03:15:00,2.0,15.0,0.7189839960648523,17.467382995536,16.376142748783245,7.0,0.8000000000000005,0,0,1,0.0
2024-01-04 03:30:00,2.0,15.0,0.7189839960648523,17.405827497813103,16.33692058365267,7.0,0.8000000000000005,0,0,1,0.0
2024-01-04 03:45:00,2.0,15.0,0.7189839960648523,17.345366528458545,16.29701473564052,7.0,0.8000000000000005,0,0,1,0.0
2024-01-04 04:00:00,2.0,15.0,0.7189839960648523,17.2854466976822,16.25192896175927,6.0,0.8000000000000005,0,0,1,0.0
2024-01-04 04:15:00,2.0,16.4,0.7189839960648523,17.49974605354206,16.20295206741308,6.0,0.8000000000000005,0,0,1,0.0
2024-01-04 04:30:00,2.0,15.0,0.7189839960648523,18.308182131909305,16.19077300175348,6.0,0.8000000000000005,0,0,1,0.0
2024-01-04 04:45:00,1.0,16.633333333333333,0.7189839960648523,18.197404423316172,16.192579389683768,6.0,0.8000000000000005,0,0,1,0.0
2024-01-04 05:00:00,2.0,15.466666666666667,0.7189839960648523,18.091928327132457,16.188996658390266,6.0,0.8000000000000005,0,0,1,0.0
2024-01-04 05:15:00,1.0,16.633333333333333,0.7189839960648523,18.26533979439389,16.182113334010356,6.0,0.8000000000000005,0,0,1,0.0
2024-01-04 05:30:00,1.0,18.5,0.7189839960648523,19.036751475700683,16.207658860825667,6.0,0.8000000000000005,0,0,1,0.0
2024-01-04 05:45:00,1.0,18.5,0.7189839960648523,18.892429779100624,16.243256182036593,6.0,0.8000000000000005,0,0,1,0.0
2024-01-04 06:00:00,1.0,18.5,0.7189839960648523,18.756545103148095,16.269922757889173,6.0,0.8000000000000005,0,0,1,0.0
2024-01-04 06:15:00,2.0,16.866666666666667,0.7189839960648523,18.628288961503994,16.28857417707858,6.0,0.8000000000000005,0,0,1,0.0
2024-01-04 06:30:00,2.0,15.0,0.7189839960648523,18.506933093750863,16.300034856239417,6.0,0.8000000000000005,0,0,1,0.0
2024-01-04 06:45:00,1.0,18.033333333333335,0.7189839960648523,18.391821489938113,16.30504710522029,6.0,0.8000000000000005,0,0,1,0.0
2024-01-04 07:00:00,2.0,15.466666666666667,0.7189839960648523,18.282363208062108,16.30427929106311,6.0,0.0,0,1,0,0.0
2024-01-04 07:15:00,2.0,15.0,0.7189839960648523,18.178025905645473,16.298333190296333,6.0,0.0,0,0,0,0.0
2024-01-04 07:30:00,1.0,15.933333333333334,0.7189839960648523,18.078330014418352,16.287750610241723,6.0,0.0,0,0,0,0.0
2024-01-04 07:45:00,1.0,18.5,0.7189839960648523,18.48969643395746,16.278047503470862,6.0,0.0,0,0,0,0.0
2024-01-04 08:00:00,1.0,18.5,0.7189839960648523,19.022295075490984,16.30528562716245,6.0,0.0,0,0,0,0.0
2024-01-04 08:15:00,3.0,18.5,0.7189839960648523,18.88338072194849,16.33459022835519,6.0,0.0,0,0,0,0.0
2024-01-04 08:30:00,3.0,18.5,0.7189839960648523,18.752359038969228,16.355583575524243,6.0,0.0,0,0,0,0.0
2024-01-04 08:45:00,3.0,18.5,0.7189839960648523,18.628475695397018,16.36911969759117,6.0,0.0,0,0,0,0.0
2024-01-04 09:00:00,3.0,18.5,0.7189839960648523,18.511203012220943,16.375969756325894,6.0,0.0,0,0,0,0.0
2024-01-04 09:15:00,1.0,18.5,0.7189839960648523,18.39994076594689,16.376836371602323,6.0,0.0,0,0,0,0.0
2024-01-04 09:30:00,3.0,18.5,0.7189839960648523,18.293959704364273,16.37234473717962,6.0,0.5588888888888891,1,0,1,0.5433333333333333
2024-01-04 09:45:00,3.0,18.5,0.7189839960648523,18.192764429498215,16.363054642378504,6.0,0.6172222222222232,0,0,1,0.0
2024-01-04 10:00:00,1.0,18.5,0.7189839960648523,18.09592895151409,16.349470374263284,6.0,0.6755555555555574,0,0,1,0.0
2024-01-04 10:15:00,1.0,18.5,0.7189839960648523,18.27713651335297,16.333573039377185,6.0,0.0,0,1,0,0.0
2024-01-04 10:30:00,3.0,18.5,0.7189839960648523,19.05556216310744,16.350994348335256,6.0,0.0,0,0,0,0.0
2024-01-04 10:45:00,1.0,18.5,0.7189839960648523,18.917550105714806,16.37926881187116,6.0,0.0,0,0,0,0.0
2024-01-04 11:00:00,1.0,18.5,0.7189839960648523,18.787351146053865,16.39933439862608,6.0,0.0,0,0,0,0.0
2024-01-04 11:15:00,1.0,18.5,0.7189839960648523,18.664220702290024,16.412035672308786,6.0,0.6483333333333338,1,0,1,0.6211111111111112
2024-01-04 11:30:00,1.0,18.5,0.7189839960648523,18.5474752169906,16.418132579648617,6.0,0.7066666666666679,0,0,1,0.0
2024-01-04 11:45:00,3.0,18.5,0.7189839960648523,18.436509943391467,16.418309158522376,6.0,0.765000000000002,0,0,1,0.0
2024-01-04 12:00:00,3.0,18.5,0.7189839960648523,18.330918496048906,16.413183288924667,6.0,0.8000000000000025,0,0,1,0.0
2024-01-04 12:15:00,3.0,18.5,0.7189839960648523,18.23022092459575,16.40331881895275,6.0,0.8000000000000025,0,0,1,0.0
2024-01-04 12:30:00,3.0,18.5,0.7189839960648523,18.13381296196538,16.389216625836845,6.0,0.8000000000000025,0,0,1,0.0
2024-01-04 12:45:00,1.0,18.5,0.7189839960648523,18.041297493300497,16.371324818264732,6.0,0.8000000000000025,0,0,1,0.0
2024-01-04 13:00:00,1.0,18.5,0.7189839960648523,18.918149402574265,16.368866043478437,6.0,0.8000000000000025,0,0,1,0.0
2024-01-04 13:15:00,3.0,18.5,0.7189839960648523,18.97700082661625,16.39756630017538,6.0,0.8000000000000025,0,0,1,0.0
2024-01-04 13:30:00,1.0,18.5,0.7189839960648523,18.845442101197964,16.41943120811177,6.0,0.8000000000000025,0,0,1,0.0
2024-01-04 13:45:00,1.0,18.5,0.7189839960648523,18.721087127644868,16.433763199110743,6.0,0.8000000000000025,0,0,1,0.0
2024-01-04 14:00:00,1.0,18.5,0.7189839960648523,18.60316985814178,16.441337568349947,6.0,0.8000000000000025,0,0,1,0.0
2024-01-04 14:15:00,3.0,18.5,0.7189839960648523,18.491066040451205,16.44284803027081,6.0,0.8000000000000025,0,0,1,0.0
2024-01-04 14:30:00,3.0,18.5,0.7189839960648523,18.384312684977537,16.438923102758892,6.0,0.8000000000000025,0,0,1,0.0
2024-01-04 14:45:00,3.0,18.5,0.7189839960648523,18.28240757988317,16.43013031192746,6.0,0.8000000000000025,0,0,1,0.0
2024-01-04 15:00:00,3.0,18.5,0.7189839960648523,18.184453905044403,16.416974224847056,6.0,0.0,0,1,0,0.0
2024-01-04 15:15:00,1.0,18.5,0.7189839960648523,18.090009326124896,16.399884895547878,6.0,0.0,0,0,0,0.0
2024-01-04 15:30:00,1.0,18.5,0.7189839960648523,18.351153133303992,16.381708373824186,6.0,0.0,0,0,0,0.0
2024-01-04 15:45:00,1.0,18.5,0.7189839960648523,19.049960255816313,16.398972981061565,6.0,0.7533333333333337,1,0,1,0.7261111111111112
2024-01-04 16:00:00,1.0,18.5,0.7189839960648523,18.913871150210134,16.424211562846526,6.0,0.800000000000001,0,0,1,0.0
2024-01-04 16:15:00,1.0,18.5,0.7189839960648523,18.785304912036903,16.441505728472023,6.0,0.800000000000001,0,0,1,0.0
2024-01-04 16:30:00,1.0,18.5,0.7189839960648523,18.663591087929934,16.451672329574063,6.0,0.800000000000001,0,0,1,0.0
2024-01-04 16:45:00,1.0,18.5,0.7189839960648523,18.54807883015964,16.45544776328256,6.0,0.800000000000001,0,0,1,0.0
2024-01-04 17:00:00,1.0,18.5,0.7189839960648523,18.438181843629955,16.45349506988695,6.0,0.800000000000001,0,0,1,0.0
2024-01-04 17:15:00,1.0,18.5,0.7189839960648523,18.333371968702092,16.446411226880898,6.0,0.800000000000001,0,0,1,0.0
2024-01-04 17:30:00,1.0,18.5,0.7189839960648523,18.23317340202518,16.43473371781179,6.0,0.800000000000001,0,0,1,0.0
2024-01-04 17:45:00,1.0,18.5,0.7189839960648523,18.137157491941775,16.418946448035694,6.0,0.800000000000001,0,0,1,0.0
2024-01-04 18:00:00,1.0,18.5,0.7189839960648523,18.04493805134261,16.399485072310032,6.0,0.800000000000001,0,0,1,0.0
2024-01-04 18:15:00,1.0,18.5,0.7189839960648523,18.845997503111217,16.392644847743448,6.0,0.800000000000001,0,0,1,0.0
2024-01-04 18:30:00,1.0,18.5,0.7189839960648523,18.983998886382462,16.41942275901167,6.0,0.800000000000001,0,0,1,0.0
2024-01-04 18:45:00,1.0,18.5,0.7189839960648523,18.851908692903898,16.440337913229882,6.0,0.800000000000001,0,0,1,0.0
2024-01-04 19:00:00,3.0,18.5,0.7189839960648523,18.727003574971118,16.453749354312162,6.0,0.800000000000001,0,0,1,0.0
2024-01-04 19:15:00,3.0,18.5,0.7189839960648523,18.608599701689286,16.46043095983368,6.0,0.800000000000001,0,0,1,0.0
2024-01-04 19:30:00,3.0,18.5,0.7189839960648523,18.496081073596475,16.461079523707898,6.0,0.800000000000001,0,0,1,0.0
2024-01-04 19:45:00,1.0,18.5,0.7189839960648523,18.388892779503646,16.45632242076302,6.0,0.800000000000001,0,0,1,0.0
2024-01-04 20:00:00,1.0,18.5,0.7189839960648523,18.2860645611516,16.442136769175203,5.0,0.800000000000001,0,0,1,0.0
2024-01-04 20:15:00,1.0,18.5,0.7189839960648523,18.186815290217467,16.418711664028674,5.0,0.800000000000001,0,0,1,0.0
2024-01-04 20:30:00,1.0,18.5,0.7189839960648523,18.09116327253428,16.39189695846547,5.0,0.800000000000001,0,0,1,0.0
2024-01-04 20:45:00,2.0,17.566666666666666,0.7189839960648523,18.285266008597237,16.36432079385035,5.0,0.800000000000001,0,0,1,0.0
2024-01-04 21:00:00,2.0,15.0,0.7189839960648523,18.665288528950192,16.356352858558907,4.0,0.800000000000001,0,0,1,0.0
2024-01-04 21:15:00,1.0,17.333333333333332,0.7189839960648523,18.543144198827026,16.346213019575476,4.0,0.800000000000001,0,0,1,0.0
2024-01-04 21:30:00,1.0,18.5,0.7189839960648523,18.426287109208758,16.330828024209477,4.0,0.800000000000001,0,0,1,0.0
2024-01-04 21:45:00,1.0,18.5,0.7189839960648523,18.314226781976846,16.31075145380184,4.0,0.800000000000001,0,0,1,0.0
2024-01-04 22:00:00,1.0,18.5,0.7189839960648523,18.20558059770177,16.277306206357032,2.0,0.800000000000001,0,0,1,0.0
2024-01-04 22:15:00,2.0,18.266666666666666,0.7189839960648523,18.09928885821675,16.230302020393726,2.0,0.800000000000001,0,0,1,0.0
2024-01-04 22:30:00,2.0,15.0,0.7189839960648523,17.995840896293195,16.18092678429425,2.0,0.800000000000001,0,0,1,0.0
2024-01-04 22:45:00,2.0,15.0,0.7189839960648523,17.89499362054312,16.12945238887368,2.0,0.800000000000001,0,0,1,0.0
2024-01-04 23:00:00,2.0,15.0,0.7189839960648523,17.79652790483515,16.076123507339517,2.0,0.800000000000001,0,0,1,0.0
2024-01-04 23:15:00,2.0,15.0,0.7189839960648523,17.700246206655425,16.021160302284112,2.0,0.800000000000001,0,0,1,0.0
2024-01-04 23:30:00,2.0,15.0,0.7189839960648523,17.605970422251417,15.964760863536533,2.0,0.800000000000001,0,0,1,0.0
2024-01-04 23:45:00,2.0,15.0,0.7189839960648523,17.513539955017187,15.907103403632483,2.0,0.800000000000001,0,0,1,0.0
2024-01-05 00:00:00,2.0,15.0,0.7189839960648523,17.422809975919076,15.848348235000438,2.0,0.800000000000001,0,0,1,0.0
2024-01-05 00:15:00,2.0,15.0,0.7189839960648523,17.33364985686885,15.788639550566394,2.0,0.800000000000001,0,0,1,0.0
2024-01-05 00:30:00,2.0,15.0,0.7189839960648523,17.24594175984932,15.728107027321839,2.0,0.800000000000001,0,0,1,0.0
2024-01-05 00:45:00,2.0,15.0,0.7189839960648523,17.159579366307355,15.666867270456327,2.0,0.800000000000001,0,0,1,0.0
2024-01-05 01:00:00,2.0,15.0,0.7189839960648523,17.074466732868437,15.605025113906237,2.0,0.800000000000001,0,0,1,0.0
2024-01-05 01:15:00,2.0,15.0,0.7189839960648523,16.990517260813654,15.54267479159508,2.0,0.800000000000001,0,0,1,0.0
2024-01-05 01:30:00,2.0,15.0,0.7189839960648523,16.907652768008653,15.479900992221618,2.0,0.800000000000001,0,0,1,0.0
2024-01-05 01:45:00,2.0,15.0,0.7189839960648523,16.82580265309853,15.416779809173738,2.0,0.800000000000001,0,0,1,0.0
2024-01-05 02:00:00,2.0,15.0,0.7189839960648523,16.74443278019525,15.348791855886132,1.0,0.800000000000001,0,0,1,0.0
2024-01-05 02:15:00,2.0,15.0,0.7189839960648523,16.663154746983505,15.275679053538811,1.0,0.800000000000001,0,0,1,0.0
2024-01-05 02:30:00,2.0,15.0,0.7189839960648523,16.582340503696038,15.20288850778499,1.0,0.800000000000001,0,0,1,0.0
2024-01-05 02:45:00,2.0,15.0,0.7189839960648523,16.501983034189458,15.130423833854106,1.0,0.800000000000001,0,0,1,0.0
2024-01-05 03:00:00,2.0,15.0,0.7189839960648523,16.422075819225448,15.05828810454103,1.0,0.800000000000001,0,0,1,0.0
2024-01-05 03:15:00,2.0,15.0,0.7189839960648523,16.34261278809711,14.98648390507549,1.0,0.800000000000001,0,0,1,0.0
2024-01-05 03:30:00,2.0,15.0,0.7189839960648523,16.263588275059497,14.915013382531406,1.0,0.800000000000001,0,0,1,0.0
2024-01-05 03:45:00,2.0,15.7,0.7189839960648523,16.380514776490326,14.845228923945067,1.0,0.800000000000001,0,0,1,0.0
2024-01-05 04:00:00,2.0,15.0,0.7189839960648523,16.674542099583224,14.791148961439982,0.0,0.800000000000001,0,0,1,0.0
2024-01-05 04:15:00,2.0,15.7,0.7189839960648523,16.765326164757326,14.738351265421036,0.0,0.800000000000001,0,0,1,0.0
2024-01-05 04:30:00,1.0,17.8,0.7189839960648523,17.89246315161878,14.713127896928386,0.0,0.800000000000001,0,0,1,0.0
2024-01-05 04:45:00,2.0,17.8,0.7189839960648523,18.98686144990377,14.761219838250302,0.0,0.800000000000001,0,0,1,0.0
2024-01-05 05:00:00,2.0,15.0,0.7189839960648523,18.77182238690011,14.81911458914589,0.0,0.800000000000001,0,0,1,0.0
2024-01-05 05:15:00,2.0,15.0,0.7189839960648523,18.56957791218194,14.863423650057323,0.0,0.800000000000001,0,0,1,0.0
2024-01-05 05:30:00,2.0,15.0,0.7189839960648523,18.378900020514866,14.89553792903519,0.0,0.800000000000001,0,0,1,0.0
2024-01-05 05:45:00,2.0,15.0,0.7189839960648523,18.198682571740132,14.91670984044962,0.0,0.800000000000001,0,0,1,0.0
2024-01-05 06:00:00,2.0,15.0,0.7189839960648523,18.027929175816517,14.928067075423707,0.0,0.800000000000001,0,0,1,0.0
2024-01-05 06:15:00,2.0,15.0,0.7189839960648523,17.865742282354503,14.930625003171851,0.0,0.800000000000001,0,0,1,0.0
2024-01-05 06:30:00,2.0,15.0,0.7189839960648523,17.71131335488926,14.92529783936186,0.0,0.800000000000001,0,0,1,0.0
2024-01-05 06:45:00,2.0,15.7,0.7189839960648523,17.759431818448824,14.914259337712265,0.0,0.0,0,1,0,0.0
2024-01-05 07:00:00,1.0,17.8,0.7189839960648523,18.342998882219888,14.919292588378363,0.0,0.0,0,0,0,0.0
2024-01-05 07:15:00,1.0,18.5,0.7189839960648523,18.96830713276035,14.961761855395368,0.0,0.0,0,0,0,0.0
2024-01-05 07:30:00,1.0,18.5,0.7189839960648523,18.76338563945027,15.007251064835577,0.0,0.0,0,0,0,0.0
2024-01-05 07:45:00,1.0,18.5,0.7189839960648523,18.57021115359664,15.040349971944035,0.0,0.7922222222222227,1,0,1,0.7572222222222222
2024-01-05 08:00:00,2.0,17.566666666666666,0.7189839960648523,18.388291635653335,15.066920891897475,1.0,0.8000000000000006,0,0,1,0.0
2024-01-05 08:15:00,1.0,15.233333333333333,0.7189839960648523,18.2169583154696,15.088439717925922,1.0,0.8000000000000006,0,0,1,0.0
2024-01-05 08:30:00,2.0,18.266666666666666,0.7189839960648523,18.06780954003229,15.100547811399787,1.0,0.0,0,1,0,0.0
2024-01-05 08:45:00,2.0,15.0,0.7189839960648523,18.092440260265235,15.109312866379552,1.0,0.0,0,0,0,0.0
2024-01-05 09:00:00,2.0,15.0,0.7189839960648523,17.937049694871728,15.11428172502526,1.0,0.0,0,0,0,0.0
2024-01-05 09:15:00,1.0,16.633333333333333,0.7189839960648523,18.06335326961057,15.113079156124359,1.0,0.0,0,0,0,0.0
2024-01-05 09:30:00,2.0,16.866666666666667,0.7189839960648523,18.98257990333383,15.14620013525009,1.0,0.0,0,0,0,0.0
2024-01-05 09:45:00,2.0,15.0,0.7189839960648523,18.78701636348388,15.191521541467573,1.0,0.0,0,0,0,0.0
2024-01-05 10:00:00,1.0,16.4,0.7189839960648523,18.60324635742051,15.22949686101722,2.0,0.0,0,0,0,0.0
2024-01-05 10:15:00,1.0,18.5,0.7189839960648523,18.43052108107437,15.261671874552208,2.0,0.0,0,0,0,0.0
2024-01-05 10:30:00,1.0,18.5,0.7189839960648523,18.26741333811248,15.283757573865381,2.0,0.0,0,0,0,0.0
2024-01-05 10:45:00,1.0,18.5,0.7189839960648523,18.113005707812583,15.296792428135436,2.0,0.0,0,0,0,0.0
2024-01-05 11:00:00,1.0,18.5,0.7189839960648523,18.550514622819563,15.30841720422641,2.0,0.0,0,0,0,0.0
2024-01-05 11:15:00,3.0,18.5,0.7189839960648523,18.95483398815462,15.353655022103318,2.0,0.0,0,0,0,0.0
2024-01-05 11:30:00,3.0,18.5,0.7189839960648523,18.77147661559658,15.395477192470878,2.0,0.0,0,0,0,0.0
2024-01-05 11:45:00,1.0,18.5,0.7189839960648523,18.59868164043805,15.426148574106485,2.0,0.6483333333333335,1,0,1,0.6366666666666667
2024-01-05 12:00:00,1.0,18.5,0.7189839960648523,18.435965064303183,15.45140224784881,3.0,0.7066666666666677,0,0,1,0.0
2024-01-05 12:15:00,1.0,18.5,0.7189839960648523,18.28275158352712,15.472592034504844,3.0,0.7650000000000018,0,0,1,0.0
2024-01-05 12:30:00,3.0,18.5,0.7189839960648523,18.137730885887176,15.485254511900497,3.0,0.8000000000000023,0,0,1,0.0
2024-01-05 12:45:00,3.0,18.5,0.7189839960648523,18.352050424368905,15.4927075829479,3.0,0.8000000000000023,0,0,1,0.0
2024-01-05 13:00:00,3.0,18.5,0.7189839960648523,19.007461793533896,15.53189600554514,3.0,0.8000000000000023,0,0,1,0.0
2024-01-05 13:15:00,1.0,18.5,0.7189839960648523,18.831122837155032,15.575730612059669,3.0,0.8000000000000023,0,0,1,0.0
2024-01-05 13:30:00,1.0,18.5,0.7189839960648523,18.665108279930724,15.608633678402821,3.0,0.8000000000000023,0,0,1,0.0
2024-01-05 13:45:00,1.0,18.5,0.7189839960648523,18.508428638847054,15.631725782870982,3.0,0.8000000000000023,0,0,1,0.0
2024-01-05 14:00:00,1.0,18.5,0.7189839960648523,18.361123345282596,15.650610285055349,4.0,0.8000000000000023,0,0,1,0.0
2024-01-05 14:15:00,1.0,18.5,0.7189839960648523,18.222756288107423,15.666546199471375,4.0,0.8000000000000023,0,0,1,0.0
2024-01-05 14:30:00,1.0,18.5,0.7189839960648523,18.091640824521154,15.67496496759818,4.0,0.8000000000000023,0,0,1,0.0
2024-01-05 14:45:00,1.0,18.5,0.7189839960648523,18.627870809319706,15.685276054073226,4.0,0.8000000000000023,0,0,1,0.0
2024-01-05 15:00:00,1.0,18.5,0.7189839960648523,18.9715958544392,15.730115800447653,4.0,0.8000000000000023,0,0,1,0.0
2024-01-05 15:15:00,1.0,18.5,0.7189839960648523,18.806410060444968,15.770570822025508,4.0,0.8000000000000023,0,0,1,0.0
2024-01-05 15:30:00,1.0,18.5,0.7189839960648523,18.65086772103256,15.800820583333998,4.0,0.8000000000000023,0,0,1,0.0
2024-01-05 15:45:00,1.0,18.5,0.7189839960648523,18.50404485796556,15.82191145107776,4.0,0.0,0,1,0,0.0
2024-01-05 16:00:00,1.0,18.5,0.7189839960648523,18.36479840688739,15.832719687502701,3.55,0.0,0,0,0,0.0
2024-01-05 16:15:00,1.0,18.5,0.7189839960648523,18.232222049483187,15.833943187157734,3.55,0.0,0,0,0,0.0
2024-01-05 16:30:00,1.0,18.5,0.7189839960648523,18.1059473592695,15.828771011383205,3.55,0.0,0,0,0,0.0
2024-01-05 16:45:00,1.0,18.5,0.7189839960648523,18.414898166155822,15.821476392110082,3.55,0.0,0,0,0,0.0
2024-01-05 17:00:00,1.0,18.5,0.7189839960648523,19.00451056874788,15.848239220368903,3.396667,0.7844444444444452,1,0,1,0.7377777777777779
2024-01-05 17:15:00,1.0,18.5,0.7189839960648523,18.842347202973215,15.877599796087825,3.396667,0.8000000000000009,0,0,1,0.0
2024-01-05 17:30:00,1.0,18.5,0.7189839960648523,18.689174289423494,15.897536661902167,3.396667,0.8000000000000009,0,0,1,0.0
2024-01-05 17:45:00,1.0,18.5,0.7189839960648523,18.544134582177367,15.909020130942714,3.396667,0.8000000000000009,0,0,1,0.0
2024-01-05 18:00:00,1.0,18.5,0.7189839960648523,18.40648723407329,15.913229720406028,3.463333,0.8000000000000009,0,0,1,0.0
2024-01-05 18:15:00,1.0,18.5,0.7189839960648523,18.275558679977646,15.910973365586873,3.463333,0.8000000000000009,0,0,1,0.0
2024-01-05 18:30:00,1.0,18.5,0.7189839960648523,18.150694008343727,15.902599862544447,3.463333,0.8000000000000009,0,0,1,0.0
2024-01-05 18:45:00,1.0,18.5,0.7189839960648523,18.07065198759906,15.88879385976825,3.463333,0.8000000000000009,0,0,1,0.0
2024-01-05 19:00:00,1.0,18.5,0.7189839960648523,18.994279794796753,15.894906453333189,3.371667,0.8000000000000009,0,0,1,0.0
2024-01-05 19:15:00,1.0,18.5,0.7189839960648523,18.910142951450602,15.924213547979855,3.371667,0.8000000000000009,0,0,1,0.0
2024-01-05 19:30:00,1.0,18.5,0.7189839960648523,18.75589468197662,15.944463798682444,3.371667,0.8000000000000009,0,0,1,0.0
2024-01-05 19:45:00,3.0,18.5,0.7189839960648523,18.609844699825917,15.956191342867365,3.371667,0.8000000000000009,0,0,1,0.0
2024-01-05 20:00:00,3.0,18.5,0.7189839960648523,18.47126001291566,15.960720416694203,3.468333,0.8000000000000009,0,0,1,0.0
2024-01-05 20:15:00,3.0,18.5,0.7189839960648523,18.339471344553942,15.95887492051759,3.468333,0.8000000000000009,0,0,1,0.0
2024-01-05 20:30:00,3.0,18.5,0.7189839960648523,18.213805986392597,15.950847636222253,3.468333,0.8000000000000009,0,0,1,0.0
2024-01-05 20:45:00,1.0,18.5,0.7189839960648523,18.09369096649734,15.937285842113857,3.468333,0.8000000000000009,0,0,1,0.0
2024-01-05 21:00:00,1.0,18.5,0.7189839960648523,18.485358771720463,15.922783500312208,3.246667,0.8000000000000009,0,0,1,0.0
2024-01-05 21:15:00,1.0,18.5,0.7189839960648523,18.99872048236247,15.943415461099006,3.246667,0.8000000000000009,0,0,1,0.0
2024-01-05 21:30:00,2.0,16.4,0.7189839960648523,18.841047993121283,15.965571754047632,3.246667,0.8000000000000009,0,0,1,0.0
2024-01-05 21:45:00,2.0,15.0,0.7189839960648523,18.691822823802305,15.97893246948616,3.246667,0.8000000000000009,0,0,1,0.0
2024-01-05 22:00:00,2.0,15.0,0.7189839960648523,18.550193619557078,15.983931852931399,3.143333,0.8000000000000009,0,0,1,0.0
2024-01-05 22:15:00,2.0,15.0,0.7189839960648523,18.41540307019193,15.981354727514224,3.143333,0.8000000000000009,0,0,1,0.0
2024-01-05 22:30:00,2.0,15.0,0.7189839960648523,18.28684356916109,15.972494620527623,3.143333,0.8000000000000009,0,0,1,0.0
2024-01-05 22:45:00,2.0,15.0,0.7189839960648523,18.16393241180544,15.958009763897056,3.143333,0.8000000000000009,0,0,1,0.0
2024-01-05 23:00:00,2.0,15.0,0.7189839960648523,18.04612504035266,15.938301621504918,3.101667,0.8000000000000009,0,0,1,0.0
2024-01-05 23:15:00,2.0,15.0,0.7189839960648523,17.932934717747937,15.913890408518402,3.101667,0.8000000000000009,0,0,1,0.0
2024-01-05 23:30:00,2.0,15.0,0.7189839960648523,17.823952992323445,15.885481098873292,3.101667,0.8000000000000009,0,0,1,0.0
2024-01-05 23:45:00,2.0,15.0,0.7189839960648523,17.718797594319856,15.853504170183005,3.101667,0.8000000000000009,0,0,1,0.0
2024-01-06 00:00:00,2.0,15.0,0.7189839960648523,17.61709742053092,15.818087158215379,3.045,0.8000000000000009,0,0,1,0.0
2024-01-06 00:15:00,2.0,15.0,0.7189839960648523,17.518523338851157,15.779560773712506,3.045,0.8000000000000009,0,0,1,0.0
2024-01-06 00:30:00,2.0,15.0,0.7189839960648523,17.422819665972348,15.7385445313,3.045,0.8000000000000009,0,0,1,0.0
2024-01-06 00:45:00,2.0,15.0,0.7189839960648523,17.32973658783273,15.69531841759444,3.045,0.8000000000000009,0,0,1,0.0
2024-01-06 01:00:00,2.0,15.0,0.7189839960648523,17.23849078115077,15.644690295983397,1.8583329999999998,0.8000000000000009,0,0,1,0.0
2024-01-06 01:15:00,2.0,15.0,0.7189839960648523,17.148486765921312,15.586507835117574,1.8583329999999998,0.8000000000000009,0,0,1,0.0
2024-01-06 01:30:00,2.0,15.0,0.7189839960648523,17.06004477124846,15.527373594581315,1.8583329999999998,0.8000000000000009,0,0,1,0.0
2024-01-06 01:45:00,2.0,15.0,0.7189839960648523,16.97304740832038,15.46741677759773,1.8583329999999998,0.8000000000000009,0,0,1,0.0
2024-01-06 02:00:00,2.0,15.0,0.7189839960648523,16.887372302132036,15.406592993333122,1.823333,0.8000000000000009,0,0,1,0.0
2024-01-06 02:15:00,2.0,15.0,0.7189839960648523,16.80291229957243,15.344995513206065,1.823333,0.8000000000000009,0,0,1,0.0
2024-01-06 02:30:00,2.0,15.0,0.7189839960648523,16.719595975772165,15.282906949166938,1.823333,0.0,0,1,0,0.0
2024-01-06 02:45:00,2.0,15.0,0.7189839960648523,16.63734685257062,15.22041007906658,1.823333,0.0,0,0,0,0.0
2024-01-06 03:00:00,2.0,15.0,0.7189839960648523,16.556210319582444,15.158695629668513,2.066667,0.0,0,0,0,0.0
2024-01-06 03:15:00,2.0,15.0,0.7189839960648523,16.476204477606768,15.097908143001963,2.066667,0.0,0,0,0,0.0
2024-01-06 03:30:00,2.0,15.0,0.7189839960648523,16.397169769555777,15.036795554185641,2.066667,0.0,0,0,0,0.0
2024-01-06 03:45:00,2.0,15.0,0.7189839960648523,16.31904548477109,14.975422873523234,2.066667,0.0,0,0,0,0.0
2024-01-06 04:00:00,2.0,15.0,0.7189839960648523,16.24173756743726,14.913466165331396,1.9833329999999998,0.0,0,0,0,0.0
2024-01-06 04:15:00,1.0,17.8,0.7189839960648523,17.021937277192606,14.860456440411474,1.9833329999999998,0.0,0,0,0,0.0
2024-01-06 04:30:00,2.0,15.0,0.7189839960648523,18.358714007735173,14.882329297268846,1.9833329999999998,0.0,0,0,0,0.0
2024-01-06 04:45:00,2.0,15.0,0.7189839960648523,18.180986524737765,14.922606748024172,1.9833329999999998,0.0,0,0,0,0.0
2024-01-06 05:00:00,1.0,15.7,0.7189839960648523,18.052850295618597,14.952516993041568,2.066667,0.0,0,0,0,0.0
2024-01-06 05:15:00,1.0,18.5,0.7189839960648523,18.932755671421873,14.998389385049554,2.066667,0.0,0,0,0,0.0
2024-01-06 05:30:00,2.0,17.1,0.7189839960648523,18.808842117874352,15.063558055368231,2.066667,0.0,0,0,0,0.0
2024-01-06 05:45:00,1.0,16.4,0.7189839960648523,18.618341456614598,15.115711931509912,2.066667,0.0,0,0,0,0.0
2024-01-06 06:00:00,1.0,18.5,0.7189839960648523,18.438944755320566,15.153142723825935,1.491667,0.0,0,0,0,0.0
2024-01-06 06:15:00,1.0,16.4,0.7189839960648523,18.269369774791706,15.176903688057997,1.491667,0.0,0,0,0,0.0
2024-01-06 06:30:00,1.0,18.5,0.7189839960648523,18.108876667273478,15.191209007503202,1.491667,0.0,0,0,0,0.0
2024-01-06 06:45:00,1.0,18.5,0.7189839960648523,18.617383847882675,15.20566683337167,1.491667,0.0,0,0,0,0.0
2024-01-06 07:00:00,1.0,18.5,0.7189839960648523,18.93567314620292,15.252569333306472,1.375,0.0,0,0,0,0.0
2024-01-06 07:15:00,1.0,18.5,0.7189839960648523,18.74722377038219,15.29318392992227,1.375,0.0,0,0,0,0.0
2024-01-06 07:30:00,1.0,18.5,0.7189839960648523,18.569521085367736,15.322474163679692,1.375,0.0,0,0,0,0.0
2024-01-06 07:45:00,3.0,18.5,0.7189839960648523,18.401537635291124,15.341603327572503,1.375,0.0,0,0,0,0.0
2024-01-06 08:00:00,1.0,18.5,0.7189839960648523,18.242408490436723,15.350306523812206,1.088333,0.0,0,0,0,0.0
2024-01-06 08:15:00,3.0,18.5,0.7189839960648523,18.0912203937987,15.349448465072216,1.088333,0.0,0,0,0,0.0
2024-01-06 08:30:00,3.0,18.5,0.7189839960648523,18.68449022261116,15.352234768714165,1.088333,0.0,0,0,0,0.0
2024-01-06 08:45:00,3.0,18.5,0.7189839960648523,18.929843635554008,15.388361493809663,1.088333,0.0,0,0,0,0.0
2024-01-06 09:00:00,3.0,18.5,0.7189839960648523,18.748190303598435,15.418904494279246,1.26,0.0,0,0,0,0.0
2024-01-06 09:15:00,3.0,18.5,0.7189839960648523,18.57670173013279,15.439912765955174,1.26,0.0,0,0,0,0.0
2024-01-06 09:30:00,3.0,18.5,0.7189839960648523,18.41425848151879,15.451532227733106,1.26,0.0,0,0,0,0.0
2024-01-06 09:45:00,3.0,18.5,0.7189839960648523,18.26000233319303,15.454733805874842,1.26,0.0,0,0,0,0.0
2024-01-06 10:00:00,3.0,18.5,0.7189839960648523,18.113479859679217,15.450350493239025,1.25,0.0,0,0,0,0.0
2024-01-06 10:15:00,1.0,18.5,0.7189839960648523,18.480869591327007,15.444216218112562,1.25,0.0,0,0,0,0.0
2024-01-06 10:30:00,3.0,18.5,0.7189839960648523,18.971617744011084,15.47271839062498,1.25,0.0,0,0,0,0.0
2024-01-06 10:45:00,1.0,18.5,0.7189839960648523,18.79275919479172,15.501213850603191,1.25,0.0,0,0,0,0.0
2024-01-06 11:00:00,1.0,18.5,0.7189839960648523,18.62446950544685,15.523520896707115,2.116667,0.0,0,0,0,0.0
2024-01-06 11:15:00,1.0,18.5,0.7189839960648523,18.466141704683178,15.540993839194547,2.116667,0.0,0,0,0,0.0
2024-01-06 11:30:00,3.0,18.5,0.7189839960648523,18.316076542327384,15.549908984451145,2.116667,0.0,0,0,0,0.0
2024-01-06 11:45:00,3.0,18.5,0.7189839960648523,18.17349091174607,15.5511521762924,2.116667,0.0,0,0,0,0.0
2024-01-06 12:00:00,3.0,18.5,0.7189839960648523,18.076915600202003,15.54658671582903,2.3399999999999994,0.0,0,0,0,0.0
2024-01-06 12:15:00,3.0,18.5,0.7189839960648523,18.98517503600671,15.562183704548291,2.3399999999999994,0.0,0,0,0,0.0
2024-01-06 12:30:00,3.0,18.5,0.7189839960648523,18.886886421953538,15.600169021715118,2.3399999999999994,0.5705555555555559,1,0,1,0.5472222222222223
2024-01-06 12:45:00,3.0,18.5,0.7189839960648523,18.71955245394648,15.627923754928794,2.3399999999999994,0.62888888888889,0,0,1,0.0
2024-01-06 13:00:00,3.0,18.5,0.7189839960648523,18.562053374103574,15.65165301917026,3.55,0.6872222222222242,0,0,1,0.0
2024-01-06 13:15:00,3.0,18.5,0.7189839960648523,18.41392533411631,15.672737768673672,3.55,0.7455555555555583,0,0,1,0.0
2024-01-06 13:30:00,3.0,18.5,0.7189839960648523,18.27374567995235,15.685543875946498,3.55,0.8000000000000035,0,0,1,0.0
2024-01-06 13:45:00,3.0,18.5,0.7189839960648523,18.140758956803747,15.690926154696246,3.55,0.8000000000000035,0,0,1,0.0
2024-01-06 14:00:00,1.0,18.5,0.7189839960648523,18.147103197049884,15.689326866285036,3.376667,0.8000000000000035,0,0,1,0.0
2024-01-06 14:15:00,1.0,18.5,0.7189839960648523,19.035838762922488,15.712653193757683,3.376667,0.8000000000000035,0,0,1,0.0
2024-01-06 14:30:00,1.0,18.5,0.7189839960648523,18.885016969896807,15.751841053213314,3.376667,0.8000000000000035,0,0,1,0.0
2024-01-06 14:45:00,1.0,18.5,0.7189839960648523,18.730559472611315,15.780995283921042,3.376667,0.8000000000000035,0,0,1,0.0
2024-01-06 15:00:00,1.0,18.5,0.7189839960648523,18.582699895866558,15.79867886807764,2.853333,0.8000000000000035,0,0,1,0.0
2024-01-06 15:15:00,1.0,18.5,0.7189839960648523,18.440304263263922,15.805535732524454,2.853333,0.8000000000000035,0,0,1,0.0
2024-01-06 15:30:00,1.0,18.5,0.7189839960648523,18.30493213662951,15.80520480945197,2.853333,0.8000000000000035,0,0,1,0.0
2024-01-06 15:45:00,1.0,18.5,0.7189839960648523,18.175921836733494,15.798434118655958,2.853333,0.8000000000000035,0,0,1,0.0
2024-01-06 16:00:00,1.0,18.5,0.7189839960648523,18.051421442789685,15.786329531533351,2.951667,0.8000000000000035,0,0,1,0.0
2024-01-06 16:15:00,1.0,18.5,0.7189839960648523,18.89651946423351,15.78825824446952,2.951667,0.8000000000000035,0,0,1,0.0
2024-01-06 16:30:00,1.0,18.5,0.7189839960648523,18.92515968530272,15.819574101244838,2.951667,0.8000000000000035,0,0,1,0.0
2024-01-06 16:45:00,1.0,18.5,0.7189839960648523,18.764933317770513,15.842462934614394,2.951667,0.8000000000000035,0,0,1,0.0
2024-01-06 17:00:00,1.0,18.5,0.7189839960648523,18.61290613248931,15.852469741360881,2.096667,0.8000000000000035,0,0,1,0.0
2024-01-06 17:15:00,1.0,18.5,0.7189839960648523,18.467977762251646,15.850246461756877,2.096667,0.8000000000000035,0,0,1,0.0
2024-01-06 17:30:00,1.0,18.5,0.7189839960648523,18.329774294661203,15.841236184601666,2.096667,0.8000000000000035,0,0,1,0.0
2024-01-06 17:45:00,1.0,18.5,0.7189839960648523,18.197666563375787,15.826149658623967,2.096667,0.8000000000000035,0,0,1,0.0
2024-01-06 18:00:00,1.0,18.5,0.7189839960648523,18.070741252252617,15.80224714684863,1.36,0.8000000000000035,0,0,1,0.0
2024-01-06 18:15:00,1.0,18.5,0.7189839960648523,18.761968440401763,15.783102263725134,1.36,0.8000000000000035,0,0,1,0.0
2024-01-06 18:30:00,1.0,18.5,0.7189839960648523,18.946957073649926,15.798382544770734,1.36,0.8000000000000035,0,0,1,0.0
2024-01-06 18:45:00,1.0,18.5,0.7189839960648523,18.783005542876126,15.808032200701678,1.36,0.8000000000000035,0,0,1,0.0
2024-01-06 19:00:00,3.0,18.5,0.7189839960648523,18.62704511747336,15.80758476848278,0.985,0.8000000000000035,0,0,1,0.0
2024-01-06 19:15:00,1.0,18.5,0.7189839960648523,18.47818146643461,15.797791349361315,0.985,0.8000000000000035,0,0,1,0.0
2024-01-06 19:30:00,1.0,18.5,0.7189839960648523,18.335879683290315,15.781458059770586,0.985,0.8000000000000035,0,0,1,0.0
2024-01-06 19:45:00,1.0,18.5,0.7189839960648523,18.199529655924763,15.75927367304746,0.985,0.8000000000000035,0,0,1,0.0
2024-01-06 20:00:00,1.0,18.5,0.7189839960648523,18.068522918683456,15.731284817583605,0.86,0.8000000000000035,0,0,1,0.0
2024-01-06 20:15:00,1.0,18.5,0.7189839960648523,18.756047303468794,15.711242664596416,0.86,0.8000000000000035,0,0,1,0.0
2024-01-06 20:30:00,1.0,18.5,0.7189839960648523,18.937466266638822,15.725500556033303,0.86,0.8000000000000035,0,0,1,0.0
2024-01-06 20:45:00,1.0,18.5,0.7189839960648523,18.770066168832667,15.734016242367682,0.86,0.8000000000000035,0,0,1,0.0
2024-01-06 21:00:00,1.0,18.5,0.7189839960648523,18.610874838391577,15.733382980982505,0.713333,0.8000000000000035,0,0,1,0.0
2024-01-06 21:15:00,1.0,18.5,0.7189839960648523,18.459063703378465,15.724435787636798,0.713333,0.8000000000000035,0,0,1,0.0
2024-01-06 21:30:00,1.0,18.5,0.7189839960648523,18.313992232815032,15.708759482146757,0.713333,0.8000000000000035,0,0,1,0.0
2024-01-06 21:45:00,1.0,18.5,0.7189839960648523,18.175033229147502,15.68706219218292,0.713333,0.8000000000000035,0,0,1,0.0
2024-01-06 22:00:00,2.0,16.866666666666667,0.7189839960648523,18.041605953651096,15.659828517819916,0.68,0.8000000000000035,0,0,1,0.0
2024-01-06 22:15:00,2.0,15.0,0.7189839960648523,17.91319028103685,15.627621749855571,0.68,0.8000000000000035,0,0,1,0.0
2024-01-06 22:30:00,2.0,15.0,0.7189839960648523,17.789341644271353,15.591138298102285,0.68,0.8000000000000035,0,0,1,0.0
2024-01-06 22:45:00,2.0,15.0,0.7189839960648523,17.66964806640523,15.55084174583376,0.68,0.8000000000000035,0,0,1,0.0
2024-01-06 23:00:00,2.0,15.0,0.7189839960648523,17.5537916218103,15.507669331096176,0.793333,0.8000000000000035,0,0,1,0.0
2024-01-06 23:15:00,2.0,15.0,0.7189839960648523,17.441475259441468,15.4620328707342,0.793333,0.8000000000000035,0,0,1,0.0
2024-01-06 23:30:00,2.0,15.0,0.7189839960648523,17.332349429934418,15.413659345524787,0.793333,0.8000000000000035,0,0,1,0.0
2024-01-06 23:45:00,2.0,15.0,0.7189839960648523,17.226137861223485,15.362858216996907,0.793333,0.8000000000000035,0,0,1,0.0
2024-01-07 00:00:00,2.0,15.0,0.7189839960648523,17.122782819705478,15.311773670148302,1.2,0.8000000000000035,0,0,1,0.0
2024-01-07 00:15:00,2.0,15.0,0.7189839960648523,17.022194356405766,15.260786242468116,1.2,0.8000000000000035,0,0,1,0.0
2024-01-07 00:30:00,2.0,15.0,0.7189839960648523,16.923997673850973,15.20792870194712,1.2,0.8000000000000035,0,0,1,0.0
2024-01-07 00:45:00,2.0,15.0,0.7189839960648523,16.827994028832663,15.153422596534494,1.2,0.8000000000000035,0,0,1,0.0
2024-01-07 01:00:00,2.0,15.0,0.7189839960648523,16.734067736177785,15.098086609459077,1.335,0.8000000000000035,0,0,1,0.0
2024-01-07 01:15:00,2.0,15.0,0.7189839960648523,16.64210188245802,15.042143205968918,1.335,0.8000000000000035,0,0,1,0.0
2024-01-07 01:30:00,2.0,15.0,0.7189839960648523,16.551893519659966,14.985025793074556,1.335,0.8000000000000035,0,0,1,0.0
2024-01-07 01:45:00,2.0,15.0,0.7189839960648523,16.463305822684042,14.926885666649282,1.335,0.8000000000000035,0,0,1,0.0
2024-01-07 02:00:00,2.0,15.0,0.7189839960648523,16.3764050881006,14.869709289900356,1.738333,0.8000000000000035,0,0,1,0.0
2024-01-07 02:15:00,2.0,15.0,0.7189839960648523,16.2912133906576,14.813747883432402,1.738333,0.8000000000000035,0,0,1,0.0
2024-01-07 02:30:00,2.0,15.0,0.7189839960648523,16.207459241227493,14.756936705497203,1.738333,0.8000000000000035,0,0,1,0.0
2024-01-07 02:45:00,2.0,15.0,0.7189839960648523,16.12503580954043,14.699393160472512,1.738333,0.8000000000000035,0,0,1,0.0
2024-01-07 03:00:00,2.0,15.0,0.7189839960648523,16.04394939754156,14.642224470805898,1.956667,0.8000000000000035,0,0,1,0.0
2024-01-07 03:15:00,2.0,15.0,0.7189839960648523,15.964185230815879,14.585595285521382,1.956667,0.8000000000000035,0,0,1,0.0
2024-01-07 03:30:00,2.0,15.0,0.7189839960648523,15.885572199509392,14.528413645362942,1.956667,0.0,0,1,0,0.0
2024-01-07 03:45:00,2.0,15.0,0.7189839960648523,15.808030649591364,14.470766209546888,1.956667,0.0,0,0,0,0.0
2024-01-07 04:00:00,2.0,15.0,0.7189839960648523,15.731503562343397,14.412876133929865,1.988333,0.0,0,0,0,0.0
2024-01-07 04:15:00,2.0,16.4,0.7189839960648523,16.239877661455676,14.361527773501859,1.988333,0.0,0,0,0,0.0
2024-01-07 04:30:00,2.0,15.7,0.7189839960648523,17.172743017192374,14.359315759032906,1.988333,0.0,0,0,0,0.0
2024-01-07 04:45:00,2.0,15.0,0.7189839960648523,17.14011244217123,14.377981135584907,1.988333,0.0,0,0,0,0.0
2024-01-07 05:00:00,2.0,15.0,0.7189839960648523,16.996529014031612,14.388612088868122,1.873333,0.0,0,0,0,0.0
2024-01-07 05:15:00,2.0,15.0,0.7189839960648523,16.86012835183637,14.391189715792187,1.873333,0.0,0,0,0,0.0
2024-01-07 05:30:00,2.0,15.0,0.7189839960648523,16.730271834538158,14.387111413771303,1.873333,0.0,0,0,0,0.0
2024-01-07 05:45:00,2.0,15.0,0.7189839960648523,16.60634484330633,14.377071777806256,1.873333,0.0,0,0,0,0.0
2024-01-07 06:00:00,2.0,15.0,0.7189839960648523,16.487414255822568,14.357995402043324,1.066667,0.0,0,0,0,0.0
2024-01-07 06:15:00,1.0,16.866666666666667,0.7189839960648523,16.73776331378712,14.332624754820651,1.066667,0.0,0,0,0,0.0
2024-01-07 06:30:00,1.0,18.5,0.7189839960648523,18.778213995342064,14.368645714472468,1.066667,0.0,0,0,0,0.0
2024-01-07 06:45:00,1.0,18.5,0.7189839960648523,18.9095634823902,14.463688443204871,1.066667,0.628888888888889,1,0,1,0.6211111111111112
2024-01-07 07:00:00,1.0,18.5,0.7189839960648523,18.68568464116388,14.545877468387658,1.176667,0.6872222222222232,0,0,1,0.0
2024-01-07 07:15:00,1.0,18.5,0.7189839960648523,18.476209481313752,14.613229942943699,1.176667,0.7455555555555573,0,0,1,0.0
2024-01-07 07:30:00,2.0,18.033333333333335,0.7189839960648523,18.27970210024285,14.666718867410289,1.176667,0.8000000000000025,0,0,1,0.0
2024-01-07 07:45:00,2.0,15.0,0.7189839960648523,18.09491354558714,14.707759375303834,1.176667,0.8000000000000025,0,0,1,0.0
2024-01-07 08:00:00,1.0,18.266666666666666,0.7189839960648523,18.734591204946348,14.751517305430276,1.32,0.8000000000000025,0,0,1,0.0
2024-01-07 08:15:00,1.0,18.5,0.7189839960648523,18.873532107702637,14.824368043694287,1.32,0.8000000000000025,0,0,1,0.0
2024-01-07 08:30:00,1.0,18.5,0.7189839960648523,18.668351731088787,14.886083890621213,1.32,0.8000000000000025,0,0,1,0.0
2024-01-07 08:45:00,1.0,18.5,0.7189839960648523,18.47567738992336,14.934464906368676,1.32,0.8000000000000025,0,0,1,0.0
2024-01-07 09:00:00,3.0,18.5,0.7189839960648523,18.294381580634113,14.969508250196807,1.021667,0.8000000000000025,0,0,1,0.0
2024-01-07 09:15:00,3.0,18.5,0.7189839960648523,18.123298995474933,14.992360215408654,1.021667,0.0,0,1,0,0.0
2024-01-07 09:30:00,3.0,18.5,0.7189839960648523,18.5452686565473,15.012441089151384,1.021667,0.0,0,0,0,0.0
2024-01-07 09:45:00,1.0,18.5,0.7189839960648523,18.93505566232943,15.06490427450942,1.021667,0.0,0,0,0,0.0
2024-01-07 10:00:00,3.0,18.5,0.7189839960648523,18.73829840358799,15.113959737934145,1.265,0.0,0,0,0,0.0
2024-01-07 10:15:00,1.0,18.5,0.7189839960648523,18.553217643757673,15.15206233921125,1.265,0.0,0,0,0,0.0
2024-01-07 10:30:00,3.0,18.5,0.7189839960648523,18.37860927244391,15.17914560608917,1.265,0.0,0,0,0,0.0
2024-01-07 10:45:00,1.0,18.5,0.7189839960648523,18.213472794469315,15.196342221172221,1.265,0.0,0,0,0,0.0
2024-01-07 11:00:00,1.0,18.5,0.7189839960648523,18.070222815453103,15.207675373300251,1.9199999999999997,0.0,0,0,0,0.0
2024-01-07 11:15:00,1.0,18.5,0.7189839960648523,18.937082162163936,15.236238460045964,1.9199999999999997,0.0,0,0,0,0.0
2024-01-07 11:30:00,1.0,18.5,0.7189839960648523,18.874568345049546,15.288636329939633,1.9199999999999997,0.0,0,0,0,0.0
2024-01-07 11:45:00,1.0,18.5,0.7189839960648523,18.69157185224937,15.329577268114521,1.9199999999999997,0.0,0,0,0,0.0
2024-01-07 12:00:00,1.0,18.5,0.7189839960648523,18.51958869339159,15.363176069217767,2.735,0.0,0,0,0,0.0
2024-01-07 12:15:00,1.0,18.5,0.7189839960648523,18.357893283087957,15.390839420536059,2.735,0.0,0,0,0,0.0
2024-01-07 12:30:00,1.0,18.5,0.7189839960648523,18.205088165821603,15.409198889737997,2.735,0.0,0,0,0,0.0
2024-01-07 12:45:00,1.0,18.5,0.7189839960648523,18.060326329017222,15.419213127442694,2.735,0.0,0,0,0,0.0
2024-01-07 13:00:00,1.0,18.5,0.7189839960648523,18.888962876318832,15.44243919755926,3.143333,0.0,0,0,0,0.0
2024-01-07 13:15:00,1.0,18.5,0.7189839960648523,18.903407351156854,15.495153845399185,3.143333,0.0,0,0,0,0.0
2024-01-07 13:30:00,1.0,18.5,0.7189839960648523,18.7306388465925,15.537534868844672,3.143333,0.0,0,0,0,0.0
2024-01-07 13:45:00,1.0,18.5,0.7189839960648523,18.56795964442033,15.569238207453319,3.143333,0.0,0,0,0,0.0
2024-01-07 14:00:00,3.0,18.5,0.7189839960648523,18.414505981653594,15.591161613888856,3.1,0.5861111111111117,1,0,1,0.5433333333333333
2024-01-07 14:15:00,1.0,18.5,0.7189839960648523,18.269402367479397,15.604285325334667,3.1,0.6444444444444458,0,0,1,0.0
2024-01-07 14:30:00,1.0,18.5,0.7189839960648523,18.13173825807811,15.609732034273058,3.1,0.7027777777777799,0,0,1,0.0
2024-01-07 14:45:00,1.0,16.4,0.7189839960648523,18.01393289653179,15.608297712438835,3.1,0.7611111111111141,0,0,1,0.0
2024-01-07 15:00:00,3.0,18.5,0.7189839960648523,18.90310121767956,15.617373760779099,1.946667,0.0,0,1,0,0.0
2024-01-07 15:15:00,1.0,18.5,0.7189839960648523,18.85964022301141,15.646512023638676,1.946667,0.0,0,0,0,0.0
2024-01-07 15:30:00,1.0,18.5,0.7189839960648523,18.69372849395899,15.666438592056293,1.946667,0.0,0,0,0,0.0
2024-01-07 15:45:00,1.0,18.5,0.7189839960648523,18.53654959243903,15.677304569976753,1.946667,0.0,0,0,0,0.0
2024-01-07 16:00:00,1.0,18.5,0.7189839960648523,18.387312052253325,15.681696799807984,2.306667,0.0,0,0,0,0.0
2024-01-07 16:15:00,1.0,18.5,0.7189839960648523,18.245378365750657,15.680565159434666,2.306667,0.0,0,0,0,0.0
2024-01-07 16:30:00,1.0,18.5,0.7189839960648523,18.11007875230331,15.6727266899529,2.306667,0.0,0,0,0,0.0
2024-01-07 16:45:00,1.0,18.5,0.7189839960648523,18.48764495388944,15.663911352490343,2.306667,0.0,0,0,0,0.0
2024-01-07 17:00:00,1.0,18.5,0.7189839960648523,18.98802872192199,15.690976064437631,2.438333,0.0,0,0,0,0.0
2024-01-07 17:15:00,1.0,18.5,0.7189839960648523,18.818366317077654,15.719254227778372,2.438333,0.0,0,0,0,0.0
2024-01-07 17:30:00,3.0,18.5,0.7189839960648523,18.657997808136688,15.737813074123881,2.438333,0.0,0,0,0,0.0
2024-01-07 17:45:00,3.0,18.5,0.7189839960648523,18.506038049324925,15.74765437613496,2.438333,0.0,0,0,0,0.0
2024-01-07 18:00:00,1.0,18.5,0.7189839960648523,18.361438838761767,15.74723333265638,1.905,0.0,0,0,0,0.0
2024-01-07 18:15:00,1.0,18.5,0.7189839960648523,18.2233054941433,15.737191696349003,1.905,0.0,0,0,0,0.0
2024-01-07 18:30:00,1.0,18.5,0.7189839960648523,18.091217114095734,15.721136405718235,1.905,0.0,0,0,0,0.0
2024-01-07 18:45:00,1.0,18.5,0.7189839960648523,18.625393593194158,15.708332983961212,1.905,0.0,0,0,0,0.0
2024-01-07 19:00:00,3.0,18.5,0.7189839960648523,18.966625407048433,15.728547120401663,1.305,0.0,0,0,0,0.0
2024-01-07 19:15:00,3.0,18.5,0.7189839960648523,18.79847362756282,15.742611554307452,1.305,0.0,0,0,0,0.0
2024-01-07 19:30:00,3.0,18.5,0.7189839960648523,18.638890393705584,15.747845286072913,1.305,0.0,0,0,0,0.0
2024-01-07 19:45:00,3.0,18.5,0.7189839960648523,18.487065627809102,15.745164432402351,1.305,0.0,0,0,0,0.0
2024-01-07 20:00:00,1.0,18.5,0.7189839960648523,18.342293095522773,15.735623218687913,1.355,0.0,0,0,0,0.0
2024-01-07 20:15:00,1.0,18.5,0.7189839960648523,18.20393192349225,15.719980254259918,1.355,0.0,0,0,0,0.0
2024-01-07 20:30:00,1.0,18.5,0.7189839960648523,18.07136864674916,15.698634546981337,1.355,0.0,0,0,0,0.0
2024-01-07 20:45:00,1.0,18.5,0.7189839960648523,18.75779208698608,15.685423185834729,1.355,0.0,0,0,0,0.0
2024-01-07 21:00:00,1.0,18.5,0.7189839960648523,18.938727216251632,15.70851372399188,1.888333,0.0,0,0,0,0.0
2024-01-07 21:15:00,1.0,18.5,0.7189839960648523,18.771599079126734,15.728077326866298,1.888333,0.0,0,0,0,0.0
2024-01-07 21:30:00,1.0,18.5,0.7189839960648523,18.61324436608727,15.738543154254675,1.888333,0.0,0,0,0,0.0
2024-01-07 21:45:00,2.0,15.933333333333334,0.7189839960648523,18.462831056053414,15.74085244052997,1.888333,0.0,0,0,0,0.0
2024-01-07 22:00:00,2.0,15.0,0.7189839960648523,18.319738992592313,15.737114280385745,2.163333,0.0,0,0,0,0.0
2024-01-07 22:15:00,2.0,15.0,0.7189839960648523,18.183383945999125,15.728179547709619,2.163333,0.0,0,0,0,0.0
2024-01-07 22:30:00,2.0,15.0,0.7189839960648523,18.053041037955555,15.713252416926027,2.163333,0.0,0,0,0,0.0
2024-01-07 22:45:00,2.0,15.0,0.7189839960648523,17.928151250252483,15.692963982245372,2.163333,0.0,0,0,0,0.0
2024-01-07 23:00:00,2.0,15.0,0.7189839960648523,17.80785817291748,15.664441606633375,1.413333,0.0,0,0,0,0.0
2024-01-07 23:15:00,2.0,15.0,0.7189839960648523,17.691459958693702,15.627957191978746,1.413333,0.0,0,0,0,0.0
2024-01-07 23:30:00,2.0,15.0,0.7189839960648523,17.578865787443462,15.588015201372542,1.413333,0.0,0,0,0,0.0
2024-01-07 23:45:00,2.0,15.0,0.7189839960648523,17.46973732450946,15.54499575914847,1.413333,0.0,0,0,0,0.0
