,Occupancy,T_ref_WB,T_set_WB,P_use_WB,P_loss_WB,SoC_ref_EV,EV_arrival,EV_departure,EV_plugged,SoC_arr_EV
2024-01-01 00:00:00,2.0,60.0,60.0,0.0,0.0,0.0,0,0,0,0.0
2024-01-01 00:15:00,2.0,60.0,60.0,0.0,0.0,0.0,0,0,0,0.0
2024-01-01 00:30:00,2.0,60.0,60.0,0.0,0.0,0.0,0,0,0,0.0
2024-01-01 00:45:00,2.0,57.67137391304349,60.0,3.0808960000000005,0.0,0.0,0,0,0,0.0
2024-01-01 01:00:00,2.0,58.743125083612085,60.0,0.5134826666666666,0.0,0.0,0,0,0,0.0
2024-01-01 01:15:00,2.0,59.67484300047786,60.0,3.0808960000000005,0.0,0.0,0,0,0,0.0
2024-01-01 01:30:00,2.0,58.08576091734364,60.0,1.0269653333333333,0.0,0.0,0,0,0,0.0
2024-01-01 01:45:00,2.0,57.1590788342094,60.0,4.6213440000000015,0.0,0.0,0,0,0,0.0
2024-01-01 02:00:00,2.0,55.14679675107518,60.0,0.5134826666666666,0.0,0.0,0,0,0,0.0
2024-01-01 02:15:00,2.0,56.46491466794095,60.0,0.5134826666666666,0.0,0.0,0,0,0,0.0
2024-01-01 02:30:00,2.0,57.32303258480672,60.0,0.2567413333333333,0.0,0.0,0,0,0,0.0
2024-01-01 02:45:00,2.0,58.917150501672495,60.0,0.0,0.0,0.0,0,0,0,0.0
2024-01-01 03:00:00,2.0,60.50816817964673,60.0,0.0,0.0,0.0,0,0,0,0.0
2024-01-01 03:15:00,2.0,61.067174390826864,60.0,0.0,0.0,0.0,0,0,0,0.0
2024-01-01 03:30:00,2.0,61.067174390826864,60.0,0.0,0.0,0.0,0,0,0,0.0
2024-01-01 03:45:00,2.0,61.067174390826864,60.0,0.0,0.0,0.0,0,0,0,0.0
2024-01-01 04:00:00,1.0,61.067174390826864,60.0,0.0,0.0,0.0,0,0,0,0.0
2024-01-01 04:15:00,1.0,61.067174390826864,60.0,0.0,0.0,0.0,0,0,0,0.0
2024-01-01 04:30:00,1.0,61.067174390826864,60.0,0.0,0.0,0.0,0,0,0,0.0
2024-01-01 04:45:00,1.0,61.067174390826864,60.0,0.0,0.0,0.0,0,0,0,0.0
2024-01-01 05:00:00,2.0,61.067174390826864,60.0,0.0,0.0,0.0,0,0,0,0.0
2024-01-01 05:15:00,1.0,61.067174390826864,60.0,0.0,0.0,0.0,0,0,0,0.0
2024-01-01 05:30:00,1.0,61.067174390826864,60.0,0.0,0.0,0.0,0,0,0,0.0
2024-01-01 05:45:00,1.0,61.067174390826864,60.0,0.0,0.0,0.7650000000000001,1,0,1,0.7572222222222222
2024-01-01 06:00:00,1.0,60.901574390826866,60.0,0.2567413333333333,0.0,0.8000000000000006,0,0,1,0.0
2024-01-01 06:15:00,1.0,59.466374390826864,60.0,1.5404480000000003,0.0,0.8000000000000006,0,0,1,0.0
2024-01-01 06:30:00,2.0,59.10554113712404,60.0,0.2567413333333333,0.0,0.0,0,1,0,0.0
2024-01-01 06:45:00,1.0,59.808285140946325,60.0,0.2567413333333333,0.0,0.0,0,0,0,0.0
2024-01-01 07:00:00,1.0,60.57400019111357,60.0,1.5404480000000003,0.0,0.0,0,0,0,0.0
2024-01-01 07:15:00,1.0,58.86920210224592,60.0,3.0808960000000005,0.0,0.0,0,0,0,0.0
2024-01-01 07:30:00,1.0,57.16271380793157,60.0,1.5404480000000003,0.0,0.7961111111111112,1,0,1,0.7883333333333333
2024-01-01 07:45:00,1.0,55.573631724797345,60.0,1.5404480000000003,0.0,0.8000000000000002,0,0,1,0.0
2024-01-01 08:00:00,3.0,56.08214964166312,60.0,3.0808960000000005,0.0,0.8000000000000002,0,0,1,0.0
2024-01-01 08:15:00,1.0,55.3762675585289,60.0,0.0,0.0,0.0,0,1,0,0.0
2024-01-01 08:30:00,1.0,56.98878547539468,60.0,0.0,0.0,0.0,0,0,0,0.0
2024-01-01 08:45:00,3.0,58.159703392260454,60.0,1.5404480000000003,0.0,0.0,0,0,0,0.0
2024-01-01 09:00:00,3.0,58.55782130912623,60.0,0.2567413333333333,0.0,0.0,0,0,0,0.0
2024-01-01 09:15:00,1.0,58.974339225992004,60.0,1.7971893333333335,0.0,0.0,0,0,0,0.0
2024-01-01 09:30:00,1.0,59.57485714285778,60.0,0.0,0.0,0.0,0,0,0,0.0
2024-01-01 09:45:00,1.0,60.834473387482745,60.0,0.2567413333333333,0.0,0.0,0,0,0,0.0
2024-01-01 10:00:00,1.0,60.345243000478455,60.0,3.337637333333334,0.0,0.0,0,0,0,0.0
2024-01-01 10:15:00,1.0,57.90158700430073,60.0,1.0269653333333333,0.0,0.0,0,0,0,0.0
2024-01-01 10:30:00,1.0,58.778104921166495,60.0,0.5134826666666666,0.0,0.7883333333333337,1,0,1,0.768888888888889
2024-01-01 10:45:00,1.0,59.74662283803227,60.0,3.337637333333334,0.0,0.8000000000000005,0,0,1,0.0
2024-01-01 11:00:00,1.0,57.32954075489805,60.0,1.5404480000000003,0.0,0.8000000000000005,0,0,1,0.0
2024-01-01 11:15:00,1.0,57.80125867176382,60.0,0.770224,0.0,0.8000000000000005,0,0,1,0.0
2024-01-01 11:30:00,1.0,57.978576588629586,60.0,1.540448,0.0,0.8000000000000005,0,0,1,0.0
2024-01-01 11:45:00,1.0,58.68949450549535,60.0,0.0,0.0,0.8000000000000005,0,0,1,0.0
2024-01-01 12:00:00,1.0,60.30201242236112,60.0,0.0,0.0,0.8000000000000005,0,0,1,0.0
2024-01-01 12:15:00,1.0,61.05452078356515,60.0,0.0,0.0,0.8000000000000005,0,0,1,0.0
2024-01-01 12:30:00,1.0,61.05452078356515,60.0,0.0,0.0,0.8000000000000005,0,0,1,0.0
2024-01-01 12:45:00,1.0,61.05452078356515,60.0,0.0,0.0,0.8000000000000005,0,0,1,0.0
2024-01-01 13:00:00,1.0,60.815320783565156,60.0,0.5134826666666666,0.0,0.8000000000000005,0,0,1,0.0
2024-01-01 13:15:00,1.0,59.75122102245668,60.0,3.337637333333334,0.0,0.8000000000000005,0,0,1,0.0
2024-01-01 13:30:00,1.0,57.98953272814233,60.0,0.0,0.0,0.8000000000000005,0,0,1,0.0
2024-01-01 13:45:00,1.0,59.3260506450081,60.0,0.5134826666666666,0.0,0.8000000000000005,0,0,1,0.0
2024-01-01 14:00:00,1.0,60.349768561873866,60.0,0.5134826666666666,0.0,0.8000000000000005,0,0,1,0.0
2024-01-01 14:15:00,1.0,61.070912565696155,60.0,0.0,0.0,0.8000000000000005,0,0,1,0.0
2024-01-01 14:30:00,1.0,60.87567931199333,60.0,0.2567413333333333,0.0,0.0,0,1,0,0.0
2024-01-01 14:45:00,1.0,60.67327931199333,60.0,0.5134826666666666,0.0,0.0,0,0,0,0.0
2024-01-01 15:00:00,1.0,58.47498289536648,60.0,3.0808960000000005,0.0,0.8,1,0,1,0.7961111111111111
2024-01-01 15:15:00,1.0,56.81519961777454,60.0,3.8511200000000003,0.0,0.8,0,0,1,0.0
2024-01-01 15:30:00,1.0,55.81491753464031,60.0,0.5134826666666666,0.0,0.8,0,0,1,0.0
2024-01-01 15:45:00,1.0,57.041035451506076,60.0,0.2567413333333333,0.0,0.8,0,0,1,0.0
2024-01-01 16:00:00,1.0,58.63515336837185,60.0,0.0,0.0,0.8,0,0,1,0.0
2024-01-01 16:15:00,1.0,60.24767128523763,60.0,0.0,0.0,0.8,0,0,1,0.0
2024-01-01 16:30:00,1.0,61.00017964644166,60.0,0.0,0.0,0.8,0,0,1,0.0
2024-01-01 16:45:00,1.0,60.30097964644165,60.0,1.540448,0.0,0.8,0,0,1,0.0
2024-01-01 17:00:00,1.0,58.5843849020556,60.0,2.053930666666667,0.0,0.8,0,0,1,0.0
2024-01-01 17:15:00,1.0,59.17870234113828,60.0,0.0,0.0,0.8,0,0,1,0.0
2024-01-01 17:30:00,1.0,60.68371906354634,60.0,0.0,0.0,0.8,0,0,1,0.0
2024-01-01 17:45:00,1.0,58.67912623029266,60.0,6.161792000000001,0.0,0.8,0,0,1,0.0
2024-01-01 18:00:00,1.0,55.93374295270071,60.0,0.5134826666666666,0.0,0.8,0,0,1,0.0
2024-01-01 18:15:00,1.0,55.54066086956649,60.0,3.337637333333334,0.0,0.8,0,0,1,0.0
2024-01-01 18:30:00,1.0,55.01877878643226,60.0,0.5134826666666666,0.0,0.8,0,0,1,0.0
2024-01-01 18:45:00,1.0,54.03689670329803,60.0,3.0808960000000005,0.0,0.8,0,0,1,0.0
2024-01-01 19:00:00,1.0,54.65581462016381,60.0,0.0,0.0,0.8,0,0,1,0.0
2024-01-01 19:15:00,1.0,56.268332537029586,60.0,0.0,0.0,0.8,0,0,1,0.0
2024-01-01 19:30:00,1.0,57.88085045389536,60.0,0.0,0.0,0.8,0,0,1,0.0
2024-01-01 19:45:00,1.0,58.92296837076113,60.0,0.770224,0.0,0.8,0,0,1,0.0
2024-01-01 20:00:00,1.0,60.277886287626906,60.0,0.0,0.0,0.8,0,0,1,0.0
2024-01-01 20:15:00,1.0,61.030394648830935,60.0,0.0,0.0,0.8,0,0,1,0.0
2024-01-01 20:30:00,1.0,60.607194648830934,60.0,0.5134826666666666,0.0,0.8,0,0,1,0.0
2024-01-01 20:45:00,1.0,60.47839464883093,60.0,0.0,0.0,0.8,0,0,1,0.0
2024-01-01 21:00:00,1.0,59.46099990444489,60.0,1.7971893333333335,0.0,0.8,0,0,1,0.0
2024-01-01 21:15:00,1.0,60.54591686574449,60.0,0.2567413333333333,0.0,0.8,0,0,1,0.0
2024-01-01 21:30:00,1.0,60.48532212135844,60.0,0.2567413333333333,0.0,0.8,0,0,1,0.0
2024-01-01 21:45:00,1.0,60.466922121358444,60.0,0.2567413333333333,0.0,0.8,0,0,1,0.0
2024-01-01 22:00:00,2.0,59.60928886765562,60.0,2.053930666666667,0.0,0.8,0,0,1,0.0
2024-01-01 22:15:00,1.0,58.9504328714779,60.0,0.0,0.0,0.8,0,0,1,0.0
2024-01-01 22:30:00,2.0,60.541450549452136,60.0,0.0,0.0,0.8,0,0,1,0.0
2024-01-01 22:45:00,1.0,59.757256760632266,60.0,1.7971893333333335,0.0,0.8,0,0,1,0.0
2024-01-01 23:00:00,2.0,59.22192565695334,60.0,0.2567413333333333,0.0,0.8,0,0,1,0.0
2024-01-01 23:15:00,2.0,60.4834744386065,60.0,0.0,0.0,0.8,0,0,1,0.0
2024-01-01 23:30:00,2.0,60.34328064978662,60.0,1.0269653333333333,0.0,0.8,0,0,1,0.0
2024-01-01 23:45:00,2.0,59.93848064978662,60.0,0.0,0.0,0.8,0,0,1,0.0
2024-01-02 00:00:00,2.0,59.93848064978662,60.0,1.5404480000000003,0.0,0.8,0,0,1,0.0
2024-01-02 00:15:00,2.0,58.777389010990646,60.0,0.2567413333333333,0.0,0.8,0,0,1,0.0
2024-01-02 00:30:00,2.0,58.053106927856426,60.0,4.6213440000000015,0.0,0.8,0,0,1,0.0
2024-01-02 00:45:00,2.0,53.814424844722204,60.0,4.6213440000000015,0.0,0.8,0,0,1,0.0
2024-01-02 01:00:00,2.0,53.66054276158798,60.0,0.0,0.0,0.8,0,0,1,0.0
2024-01-02 01:15:00,2.0,55.27306067845377,60.0,0.0,0.0,0.8,0,0,1,0.0
2024-01-02 01:30:00,2.0,56.88557859531954,60.0,0.0,0.0,0.8,0,0,1,0.0
2024-01-02 01:45:00,2.0,58.49809651218531,60.0,0.0,0.0,0.8,0,0,1,0.0
2024-01-02 02:00:00,2.0,60.11061442905109,60.0,0.0,0.0,0.8,0,0,1,0.0
2024-01-02 02:15:00,2.0,61.070958432873375,60.0,0.0,0.0,0.0,0,1,0,0.0
2024-01-02 02:30:00,2.0,61.078125179170556,60.0,0.0,0.0,0.0,0,0,0,0.0
2024-01-02 02:45:00,2.0,61.078125179170556,60.0,0.0,0.0,0.0,0,0,0,0.0
2024-01-02 03:00:00,2.0,61.078125179170556,60.0,0.0,0.0,0.0,0,0,0,0.0
2024-01-02 03:15:00,2.0,61.078125179170556,60.0,0.0,0.0,0.0,0,0,0,0.0
2024-01-02 03:30:00,2.0,61.078125179170556,60.0,0.0,0.0,0.0,0,0,0,0.0
2024-01-02 03:45:00,2.0,61.078125179170556,60.0,0.0,0.0,0.0,0,0,0,0.0
2024-01-02 04:00:00,2.0,61.078125179170556,60.0,0.0,0.0,0.0,0,0,0,0.0
2024-01-02 04:15:00,1.0,61.078125179170556,60.0,0.0,0.0,0.0,0,0,0,0.0
2024-01-02 04:30:00,1.0,58.60189622551552,60.0,3.594378666666667,0.0,0.0,0,0,0,0.0
2024-01-02 04:45:00,1.0,59.14914667940948,60.0,0.0,0.0,0.0,0,0,0,0.0
2024-01-02 05:00:00,2.0,60.68999713330345,60.0,1.5404480000000003,0.0,0.0,0,0,0,0.0
2024-01-02 05:15:00,1.0,57.938171046346945,60.0,3.337637333333334,0.0,0.0,0,0,0,0.0
2024-01-02 05:30:00,1.0,57.35778729097191,60.0,0.2567413333333333,0.0,0.0,0,0,0,0.0
2024-01-02 05:45:00,1.0,58.896705207837684,60.0,0.0,0.0,0.0,0,0,0,0.0
2024-01-02 06:00:00,1.0,60.48772288581191,60.0,0.0,0.0,0.0,0,0,0,0.0
2024-01-02 06:15:00,1.0,60.16352909699206,60.0,1.5404480000000003,0.0,0.0,0,0,0,0.0
2024-01-02 06:30:00,1.0,59.0810293358836,60.0,1.5404480000000003,0.0,0.0,0,0,0,0.0
2024-01-02 06:45:00,1.0,58.036941041569236,60.0,3.0808960000000005,0.0,0.0,0,0,0,0.0
2024-01-02 07:00:00,1.0,57.11025895843502,60.0,0.0,0.0,0.0,0,0,0,0.0
2024-01-02 07:15:00,1.0,58.722776875300795,60.0,0.0,0.0,0.0,0,0,0,0.0
2024-01-02 07:30:00,1.0,60.33529479216657,60.0,0.0,0.0,0.0,0,0,0,0.0
2024-01-02 07:45:00,1.0,61.0878031533706,60.0,0.0,0.0,0.0,0,0,0,0.0
2024-01-02 08:00:00,1.0,60.9406031533706,60.0,0.2567413333333333,0.0,0.0,0,0,0,0.0
2024-01-02 08:15:00,1.0,60.8118031533706,60.0,0.0,0.0,0.0,0,0,0,0.0
2024-01-02 08:30:00,1.0,60.8118031533706,60.0,0.0,0.0,0.0,0,0,0,0.0
2024-01-02 08:45:00,1.0,60.8118031533706,60.0,0.0,0.0,0.0,0,0,0,0.0
2024-01-02 09:00:00,1.0,60.3150031533706,60.0,0.5134826666666666,0.0,0.0,0,0,0,0.0
2024-01-02 09:15:00,1.0,60.20460315337059,60.0,0.2567413333333333,0.0,0.0,0,0,0,0.0
2024-01-02 09:30:00,1.0,59.30127204969166,60.0,1.5404480000000003,0.0,0.0,0,0,0,0.0
2024-01-02 09:45:00,1.0,59.940321070236365,60.0,0.0,0.0,0.0,0,0,0,0.0
2024-01-02 10:00:00,1.0,60.993832775922,60.0,0.0,0.0,0.0,0,0,0,0.0
2024-01-02 10:15:00,1.0,61.01533301481355,60.0,0.0,0.0,0.0,0,0,0,0.0
2024-01-02 10:30:00,1.0,61.01533301481355,60.0,0.0,0.0,0.0,0,0,0,0.0
2024-01-02 10:45:00,1.0,61.01533301481355,60.0,0.0,0.0,0.7105555555555557,1,0,1,0.7027777777777778
2024-01-02 11:00:00,1.0,60.794533014813545,60.0,1.7971893333333335,0.0,0.7688888888888898,0,0,1,0.0
2024-01-02 11:15:00,1.0,59.08333301481355,60.0,0.0,0.0,0.8000000000000014,0,0,1,0.0
2024-01-02 11:30:00,1.0,57.79863468705435,60.0,3.0808960000000005,0.0,0.8000000000000014,0,0,1,0.0
2024-01-02 11:45:00,1.0,57.2027497372216,60.0,0.2567413333333333,0.0,0.0,0,1,0,0.0
2024-01-02 12:00:00,1.0,58.61286765408738,60.0,0.0,0.0,0.0,0,0,0,0.0
2024-01-02 12:15:00,1.0,60.17018557095316,60.0,0.5134826666666666,0.0,0.0,0,0,0,0.0
2024-01-02 12:30:00,1.0,60.96339990444577,60.0,0.0,0.0,0.8000000000000002,1,0,1,0.7922222222222223
2024-01-02 12:45:00,1.0,61.07090109890349,60.0,0.0,0.0,0.8000000000000002,0,0,1,0.0
2024-01-02 13:00:00,1.0,60.85010109890349,60.0,1.5404480000000003,0.0,0.8000000000000002,0,0,1,0.0
2024-01-02 13:15:00,1.0,59.286101098903494,60.0,0.2567413333333333,0.0,0.8000000000000002,0,0,1,0.0
2024-01-02 13:30:00,1.0,59.13890109890349,60.0,0.0,0.0,0.8000000000000002,0,0,1,0.0
2024-01-02 13:45:00,1.0,58.92627501194697,60.0,1.2837066666666668,0.0,0.8000000000000002,0,0,1,0.0
2024-01-02 14:00:00,1.0,60.01642618251556,60.0,0.0,0.0,0.8000000000000002,0,0,1,0.0
2024-01-02 14:15:00,1.0,60.7571378882012,60.0,0.5134826666666666,0.0,0.8000000000000002,0,0,1,0.0
2024-01-02 14:30:00,1.0,60.53943812709274,60.0,0.0,0.0,0.8000000000000002,0,0,1,0.0
2024-01-02 14:45:00,1.0,60.18983812709273,60.0,0.770224,0.0,0.8000000000000002,0,0,1,0.0
2024-01-02 15:00:00,1.0,59.71143812709273,60.0,0.0,0.0,0.8000000000000002,0,0,1,0.0
2024-01-02 15:15:00,1.0,57.787209173437695,60.0,3.0808960000000005,0.0,0.8000000000000002,0,0,1,0.0
2024-01-02 15:30:00,1.0,58.33445962733166,60.0,0.0,0.0,0.8000000000000002,0,0,1,0.0
2024-01-02 15:45:00,1.0,58.95337754419744,60.0,3.0808960000000005,0.0,0.8000000000000002,0,0,1,0.0
2024-01-02 16:00:00,1.0,58.15549546106322,60.0,0.5134826666666666,0.0,0.8000000000000002,0,0,1,0.0
2024-01-02 16:15:00,1.0,59.06881337792898,60.0,0.2567413333333333,0.0,0.8000000000000002,0,0,1,0.0
2024-01-02 16:30:00,1.0,58.98853129479476,60.0,3.0808960000000005,0.0,0.8000000000000002,0,0,1,0.0
2024-01-02 16:45:00,1.0,58.54024921166054,60.0,1.0269653333333333,0.0,0.8000000000000002,0,0,1,0.0
2024-01-02 17:00:00,1.0,59.4535671285263,60.0,0.0,0.0,0.8000000000000002,0,0,1,0.0
2024-01-02 17:15:00,1.0,60.828616149071,60.0,0.2567413333333333,0.0,0.8000000000000002,0,0,1,0.0
2024-01-02 17:30:00,1.0,60.40368504539207,60.0,0.5134826666666666,0.0,0.8000000000000002,0,0,1,0.0
2024-01-02 17:45:00,1.0,60.23808504539207,60.0,0.0,0.0,0.8000000000000002,0,0,1,0.0
2024-01-02 18:00:00,1.0,60.23808504539207,60.0,0.0,0.0,0.8000000000000002,0,0,1,0.0
2024-01-02 18:15:00,1.0,60.23808504539207,60.0,0.0,0.0,0.8000000000000002,0,0,1,0.0
2024-01-02 18:30:00,1.0,60.23808504539207,60.0,0.0,0.0,0.8000000000000002,0,0,1,0.0
2024-01-02 18:45:00,1.0,59.31615250836388,60.0,3.0808960000000005,0.0,0.8000000000000002,0,0,1,0.0
2024-01-02 19:00:00,1.0,58.21609937888469,60.0,0.0,0.0,0.8000000000000002,0,0,1,0.0
2024-01-02 19:15:00,1.0,59.36861729575047,60.0,0.5134826666666666,0.0,0.8000000000000002,0,0,1,0.0
2024-01-02 19:30:00,1.0,60.67123401815852,60.0,3.0808960000000005,0.0,0.8000000000000002,0,0,1,0.0
2024-01-02 19:45:00,1.0,58.54464596273571,60.0,0.0,0.0,0.8000000000000002,0,0,1,0.0
2024-01-02 20:00:00,1.0,59.38436387960148,60.0,1.5404480000000003,0.0,0.8000000000000002,0,0,1,0.0
2024-01-02 20:15:00,1.0,56.58088179646726,60.0,6.418533333333333,0.0,0.8000000000000002,0,0,1,0.0
2024-01-02 20:30:00,1.0,54.82619971333304,60.0,0.0,0.0,0.8000000000000002,0,0,1,0.0
2024-01-02 20:45:00,1.0,56.08911763019881,60.0,0.5134826666666666,0.0,0.8000000000000002,0,0,1,0.0
2024-01-02 21:00:00,1.0,54.61043554706459,60.0,4.878085333333334,0.0,0.8000000000000002,0,0,1,0.0
2024-01-02 21:15:00,1.0,52.32215346393036,60.0,1.5404480000000003,0.0,0.8000000000000002,0,0,1,0.0
2024-01-02 21:30:00,2.0,53.82427138079614,60.0,0.0,0.0,0.8000000000000002,0,0,1,0.0
2024-01-02 21:45:00,2.0,55.30798929766192,60.0,0.5134826666666666,0.0,0.8000000000000002,0,0,1,0.0
2024-01-02 22:00:00,1.0,56.49730721452769,60.0,0.0,0.0,0.8000000000000002,0,0,1,0.0
2024-01-02 22:15:00,1.0,57.61302513139346,60.0,0.5134826666666666,0.0,0.8000000000000002,0,0,1,0.0
2024-01-02 22:30:00,2.0,58.72874304825923,60.0,0.770224,0.0,0.8000000000000002,0,0,1,0.0
2024-01-02 22:45:00,2.0,59.954860965125,60.0,0.0,0.0,0.8000000000000002,0,0,1,0.0
2024-01-02 23:00:00,2.0,61.008372670810644,60.0,0.0,0.0,0.8000000000000002,0,0,1,0.0
2024-01-02 23:15:00,2.0,60.1989741041599,60.0,2.053930666666667,0.0,0.8000000000000002,0,0,1,0.0
2024-01-02 23:30:00,2.0,57.45938843765252,60.0,3.0808960000000005,0.0,0.8000000000000002,0,0,1,0.0
2024-01-02 23:45:00,2.0,57.213506354518294,60.0,3.594378666666667,0.0,0.8000000000000002,0,0,1,0.0
2024-01-03 00:00:00,2.0,56.26842427138407,60.0,0.0,0.0,0.8000000000000002,0,0,1,0.0
2024-01-03 00:15:00,2.0,57.25534218824984,60.0,1.0269653333333333,0.0,0.8000000000000002,0,0,1,0.0
2024-01-03 00:30:00,2.0,58.003060105115615,60.0,3.337637333333334,0.0,0.8000000000000002,0,0,1,0.0
2024-01-03 00:45:00,2.0,55.91717802198138,60.0,0.5134826666666666,0.0,0.8000000000000002,0,0,1,0.0
2024-01-03 01:00:00,2.0,57.29049593884715,60.0,0.2567413333333333,0.0,0.8000000000000002,0,0,1,0.0
2024-01-03 01:15:00,2.0,58.811013855712936,60.0,0.0,0.0,0.8000000000000002,0,0,1,0.0
2024-01-03 01:30:00,2.0,60.397965026281526,60.0,0.2567413333333333,0.0,0.8000000000000002,0,0,1,0.0
2024-01-03 01:45:00,2.0,60.68213893932501,60.0,0.2567413333333333,0.0,0.8000000000000002,0,0,1,0.0
2024-01-03 02:00:00,2.0,59.62311285236851,60.0,1.5404480000000003,0.0,0.8000000000000002,0,0,1,0.0
2024-01-03 02:15:00,2.0,59.7012640229371,60.0,1.7971893333333333,0.0,0.0,0,1,0,0.0
2024-01-03 02:30:00,2.0,60.691080745345154,60.0,0.0,0.0,0.0,0,0,0,0.0
2024-01-03 02:45:00,2.0,60.866384328718304,60.0,0.2567413333333333,0.0,0.0,0,0,0,0.0
2024-01-03 03:00:00,2.0,59.96478432871831,60.0,1.5404480000000003,0.0,0.0,0,0,0,0.0
2024-01-03 03:15:00,2.0,59.135053225039385,60.0,0.2567413333333333,0.0,0.0,0,0,0,0.0
2024-01-03 03:30:00,2.0,59.59010224558408,60.0,2.053930666666667,0.0,0.0,0,0,0,0.0
2024-01-03 03:45:00,2.0,59.67542016244985,60.0,0.2567413333333333,0.0,0.0,0,0,0,0.0
2024-01-03 04:00:00,2.0,60.9011352126171,60.0,0.0,0.0,0.0,0,0,0,0.0
2024-01-03 04:15:00,1.0,60.738836884857896,60.0,2.053930666666667,0.0,0.0,0,0,0,0.0
2024-01-03 04:30:00,1.0,59.59614524606193,60.0,0.0,0.0,0.0,0,0,0,0.0
2024-01-03 04:45:00,2.0,60.95066029622919,60.0,0.0,0.0,0.0,0,0,0,0.0
2024-01-03 05:00:00,1.0,61.10116196846999,60.0,0.0,0.0,0.0,0,0,0,0.0
2024-01-03 05:15:00,1.0,61.10116196846999,60.0,0.2567413333333333,0.0,0.8000000000000006,1,0,1,0.7611111111111112
2024-01-03 05:30:00,1.0,58.948764835168504,60.0,3.337637333333334,0.0,0.8000000000000006,0,0,1,0.0
2024-01-03 05:45:00,1.0,58.699581079793475,60.0,0.2567413333333333,0.0,0.8000000000000006,0,0,1,0.0
2024-01-03 06:00:00,1.0,60.12809899665925,60.0,0.2567413333333333,0.0,0.8000000000000006,0,0,1,0.0
2024-01-03 06:15:00,1.0,61.071210702344885,60.0,0.0,0.0,0.0,0,1,0,0.0
2024-01-03 06:30:00,1.0,61.09271094123643,60.0,0.0,0.0,0.0,0,0,0,0.0
2024-01-03 06:45:00,1.0,44.55888198758139,60.0,36.200528,0.0,0.0,0,0,0,0.0
2024-01-03 07:00:00,1.0,24.056532441475312,60.0,0.5134826666666666,0.0,0.0,0,0,0,0.0
2024-01-03 07:15:00,1.0,23.957850358341037,60.0,3.0808960000000005,0.0,0.0,0,0,0,0.0
2024-01-03 07:30:00,1.0,23.380768275206762,60.0,0.2567413333333333,0.0,0.0,0,0,0,0.0
2024-01-03 07:45:00,1.0,22.343686192072486,60.0,4.878085333333334,0.0,0.0,0,0,0,0.0
2024-01-03 08:00:00,1.0,20.93860410893821,60.0,0.5134826666666666,0.0,0.0,0,0,0,0.0
2024-01-03 08:15:00,1.0,22.201522025803932,60.0,0.2567413333333333,0.0,0.0,0,0,0,0.0
2024-01-03 08:30:00,1.0,23.57483994266966,60.0,0.0,0.0,0.0,0,0,0,0.0
2024-01-03 08:45:00,1.0,25.187357859535382,60.0,0.0,0.0,0.0,0,0,0,0.0
2024-01-03 09:00:00,1.0,25.47507577640111,60.0,1.5404480000000003,0.0,0.0,0,0,0,0.0
2024-01-03 09:15:00,1.0,26.75639369326683,60.0,0.0,0.0,0.0,0,0,0,0.0
2024-01-03 09:30:00,1.0,28.368911610132553,60.0,0.0,0.0,0.0,0,0,0,0.0
2024-01-03 09:45:00,1.0,27.09262952699828,60.0,3.337637333333334,0.0,0.0,0,0,0,0.0
2024-01-03 10:00:00,1.0,26.791547443864,60.0,1.5404480000000003,0.0,0.0,0,0,0,0.0
2024-01-03 10:15:00,1.0,27.83366536072973,60.0,0.5134826666666666,0.0,0.0,0,0,0,0.0
2024-01-03 10:30:00,1.0,26.483783277595453,60.0,3.0808960000000005,0.0,0.0,0,0,0,0.0
2024-01-03 10:45:00,3.0,26.992301194461177,60.0,1.5404480000000003,0.0,0.0,0,0,0,0.0
2024-01-03 11:00:00,1.0,27.2800191113269,60.0,0.0,0.0,0.7922222222222229,1,0,1,0.7416666666666667
2024-01-03 11:15:00,1.0,28.892537028192624,60.0,0.0,0.0,0.8000000000000008,0,0,1,0.0
2024-01-03 11:30:00,1.0,29.897854945058345,60.0,2.053930666666667,0.0,0.8000000000000008,0,0,1,0.0
2024-01-03 11:45:00,1.0,29.909572861924072,60.0,0.0,0.0,0.8000000000000008,0,0,1,0.0
2024-01-03 12:00:00,1.0,31.522090778789796,60.0,0.0,0.0,0.8000000000000008,0,0,1,0.0
2024-01-03 12:15:00,1.0,33.13460869565556,60.0,0.0,0.0,0.8000000000000008,0,0,1,0.0
2024-01-03 12:30:00,1.0,34.12152661252133,60.0,1.0269653333333333,0.0,0.8000000000000008,0,0,1,0.0
2024-01-03 12:45:00,1.0,35.25564452938709,60.0,0.0,0.0,0.8000000000000008,0,0,1,0.0
2024-01-03 13:00:00,1.0,35.98496244625288,60.0,1.5404480000000003,0.0,0.8000000000000008,0,0,1,0.0
2024-01-03 13:15:00,1.0,36.62228036311865,60.0,0.5134826666666666,0.0,0.8000000000000008,0,0,1,0.0
2024-01-03 13:30:00,1.0,37.64599827998442,60.0,0.5134826666666666,0.0,0.8000000000000008,0,0,1,0.0
2024-01-03 13:45:00,1.0,38.94571619685019,60.0,0.0,0.0,0.8000000000000008,0,0,1,0.0
2024-01-03 14:00:00,1.0,40.55823411371596,60.0,0.0,0.0,0.8000000000000008,0,0,1,0.0
2024-01-03 14:15:00,1.0,42.170752030581745,60.0,0.2567413333333333,0.0,0.8000000000000008,0,0,1,0.0
2024-01-03 14:30:00,3.0,43.13926994744751,60.0,0.770224,0.0,0.8000000000000008,0,0,1,0.0
2024-01-03 14:45:00,1.0,43.94218786431328,60.0,0.5134826666666666,0.0,0.8000000000000008,0,0,1,0.0
2024-01-03 15:00:00,1.0,44.965905781179046,60.0,0.5134826666666666,0.0,0.8000000000000008,0,0,1,0.0
2024-01-03 15:15:00,1.0,46.412823698044825,60.0,0.0,0.0,0.8000000000000008,0,0,1,0.0
2024-01-03 15:30:00,1.0,45.9277416149106,60.0,3.0808960000000005,0.0,0.8000000000000008,0,0,1,0.0
2024-01-03 15:45:00,1.0,44.191459531776374,60.0,4.107861333333334,0.0,0.8000000000000008,0,0,1,0.0
2024-01-03 16:00:00,1.0,43.24637744864214,60.0,0.5134826666666666,0.0,0.8000000000000008,0,0,1,0.0
2024-01-03 16:15:00,1.0,44.52769536550792,60.0,0.2567413333333333,0.0,0.8000000000000008,0,0,1,0.0
2024-01-03 16:30:00,1.0,45.643413282373686,60.0,0.5134826666666666,0.0,0.8000000000000008,0,0,1,0.0
2024-01-03 16:45:00,1.0,46.63033119923946,60.0,0.5134826666666666,0.0,0.8000000000000008,0,0,1,0.0
2024-01-03 17:00:00,1.0,47.746049116105226,60.0,0.770224,0.0,0.8000000000000008,0,0,1,0.0
2024-01-03 17:15:00,1.0,48.824967032970996,60.0,0.0,0.0,0.8000000000000008,0,0,1,0.0
2024-01-03 17:30:00,1.0,50.36388494983677,60.0,0.2567413333333333,0.0,0.8000000000000008,0,0,1,0.0
2024-01-03 17:45:00,1.0,51.25880286670254,60.0,0.770224,0.0,0.8000000000000008,0,0,1,0.0
2024-01-03 18:00:00,1.0,52.41132078356831,60.0,0.2567413333333333,0.0,0.8000000000000008,0,0,1,0.0
2024-01-03 18:15:00,1.0,53.12223870043409,60.0,3.0808960000000005,0.0,0.8000000000000008,0,0,1,0.0
2024-01-03 18:30:00,1.0,51.772356617299856,60.0,0.5134826666666666,0.0,0.8000000000000008,0,0,1,0.0
2024-01-03 18:45:00,1.0,53.25607453416563,60.0,0.0,0.0,0.8000000000000008,0,0,1,0.0
2024-01-03 19:00:00,1.0,51.15179245103139,60.0,11.296618666666665,0.0,0.8000000000000008,0,0,1,0.0
2024-01-03 19:15:00,1.0,44.28191036789715,60.0,0.2567413333333333,0.0,0.8000000000000008,0,0,1,0.0
2024-01-03 19:30:00,1.0,45.508028284762915,60.0,0.770224,0.0,0.8000000000000008,0,0,1,0.0
2024-01-03 19:45:00,1.0,43.863746201628686,60.0,3.594378666666667,0.0,0.8000000000000008,0,0,1,0.0
2024-01-03 20:00:00,1.0,44.16986411849446,60.0,0.2567413333333333,0.0,0.8000000000000008,0,0,1,0.0
2024-01-03 20:15:00,1.0,45.37758203536023,60.0,0.5134826666666666,0.0,0.8000000000000008,0,0,1,0.0
2024-01-03 20:30:00,1.0,46.585299952226,60.0,0.5134826666666666,0.0,0.8000000000000008,0,0,1,0.0
2024-01-03 20:45:00,1.0,47.44341786909177,60.0,0.2567413333333333,0.0,0.8000000000000008,0,0,1,0.0
2024-01-03 21:00:00,1.0,48.68793578595754,60.0,0.5134826666666666,0.0,0.8000000000000008,0,0,1,0.0
2024-01-03 21:15:00,1.0,50.061253702823315,60.0,0.0,0.0,0.8000000000000008,0,0,1,0.0
2024-01-03 21:30:00,1.0,51.67377161968909,60.0,0.0,0.0,0.8000000000000008,0,0,1,0.0
2024-01-03 21:45:00,2.0,50.69188953655487,60.0,3.594378666666667,0.0,0.8000000000000008,0,0,1,0.0
2024-01-03 22:00:00,1.0,50.94280745342064,60.0,0.5134826666666666,0.0,0.8000000000000008,0,0,1,0.0
2024-01-03 22:15:00,1.0,52.09532537028641,60.0,0.0,0.0,0.8000000000000008,0,0,1,0.0
2024-01-03 22:30:00,2.0,53.70784328715219,60.0,0.0,0.0,0.8000000000000008,0,0,1,0.0
2024-01-03 22:45:00,2.0,55.32036120401796,60.0,0.0,0.0,0.8000000000000008,0,0,1,0.0
2024-01-03 23:00:00,2.0,56.93287912088374,60.0,0.0,0.0,0.8000000000000008,0,0,1,0.0
2024-01-03 23:15:00,2.0,55.546197037749515,60.0,3.3376373333333333,0.0,0.8000000000000008,0,0,1,0.0
2024-01-03 23:30:00,2.0,56.25711495461529,60.0,0.770224,0.0,0.8000000000000008,0,0,1,0.0
2024-01-03 23:45:00,2.0,56.89443287148105,60.0,0.5134826666666666,0.0,0.8000000000000008,0,0,1,0.0
2024-01-04 00:00:00,2.0,58.41495078834683,60.0,0.0,0.0,0.8000000000000008,0,0,1,0.0
2024-01-04 00:15:00,2.0,59.6778687052126,60.0,0.5134826666666666,0.0,0.8000000000000008,0,0,1,0.0
2024-01-04 00:30:00,2.0,60.8873177257573,60.0,0.0,0.0,0.8000000000000008,0,0,1,0.0
2024-01-04 00:45:00,2.0,61.087986622078375,60.0,0.0,0.0,0.8000000000000008,0,0,1,0.0
2024-01-04 01:00:00,2.0,60.84878662207837,60.0,0.2567413333333333,0.0,0.8000000000000008,0,0,1,0.0
2024-01-04 01:15:00,2.0,60.81198662207837,60.0,0.0,0.0,0.8000000000000008,0,0,1,0.0
2024-01-04 01:30:00,2.0,60.70158662207837,60.0,0.2567413333333333,0.0,0.0,0,1,0,0.0
2024-01-04 01:45:00,2.0,60.53598662207837,60.0,0.0,0.0,0.0,0,0,0,0.0
2024-01-04 02:00:00,2.0,60.53598662207837,60.0,0.0,0.0,0.0,0,0,0,0.0
2024-01-04 02:15:00,2.0,60.259986622078365,60.0,0.5134826666666666,0.0,0.0,0,0,0,0.0
2024-01-04 02:30:00,2.0,59.983986622078355,60.0,0.0,0.0,0.0,0,0,0,0.0
2024-01-04 02:45:00,2.0,59.983986622078355,60.0,0.0,0.0,0.0,0,0,0,0.0
2024-01-04 03:00:00,2.0,59.983986622078355,60.0,0.0,0.0,0.0,0,0,0,0.0
2024-01-04 03:15:00,2.0,59.983986622078355,60.0,0.0,0.0,0.0,0,0,0,0.0
2024-01-04 03:30:00,2.0,59.4166868609699,60.0,1.0269653333333333,0.0,0.0,0,0,0,0.0
2024-01-04 03:45:00,2.0,59.27419856665552,60.0,1.2837066666666668,0.0,0.0,0,0,0,0.0
2024-01-04 04:00:00,2.0,59.92991648352129,60.0,0.2567413333333333,0.0,0.0,0,0,0,0.0
2024-01-04 04:15:00,1.0,60.995829144773104,60.0,0.2567413333333333,0.0,0.8000000000000004,1,0,1,0.7727777777777778
2024-01-04 04:30:00,1.0,60.81802962255619,60.0,0.0,0.0,0.8000000000000004,0,0,1,0.0
2024-01-04 04:45:00,1.0,60.68922962255619,60.0,0.2567413333333333,0.0,0.8000000000000004,0,0,1,0.0
2024-01-04 05:00:00,1.0,60.54202962255619,60.0,0.0,0.0,0.8000000000000004,0,0,1,0.0
2024-01-04 05:15:00,1.0,58.76693320592934,60.0,3.0808960000000005,0.0,0.0,0,1,0,0.0
2024-01-04 05:30:00,1.0,59.0575499283374,60.0,0.0,0.0,0.0,0,0,0,0.0
2024-01-04 05:45:00,2.0,60.62706736742009,60.0,0.0,0.0,0.0,0,0,0,0.0
2024-01-04 06:00:00,1.0,60.73207262303404,60.0,1.0269653333333333,0.0,0.0,0,0,0,0.0
2024-01-04 06:15:00,1.0,59.830472623034034,60.0,0.2567413333333333,0.0,0.0,0,0,0,0.0
2024-01-04 06:30:00,1.0,59.68327262303403,60.0,0.2567413333333333,0.0,0.0,0,0,0,0.0
2024-01-04 06:45:00,1.0,59.44407262303403,60.0,0.0,0.0,0.0,0,0,0,0.0
2024-01-04 07:00:00,1.0,59.42567262303403,60.0,0.2567413333333333,0.0,0.0,0,0,0,0.0
2024-01-04 07:15:00,1.0,59.17584366937899,60.0,0.5134826666666666,0.0,0.0,0,0,0,0.0
2024-01-04 07:30:00,1.0,60.44069412327295,60.0,0.2567413333333333,0.0,0.0,0,0,0,0.0
2024-01-04 07:45:00,1.0,60.788402484476975,60.0,0.5134826666666666,0.0,0.0,0,0,0,0.0
2024-01-04 08:00:00,1.0,60.19960248447697,60.0,0.5134826666666666,0.0,0.0,0,0,0,0.0
2024-01-04 08:15:00,1.0,57.61220869565711,60.0,3.337637333333334,0.0,0.0,0,0,0,0.0
2024-01-04 08:30:00,1.0,58.485626373631334,60.0,0.0,0.0,0.0,0,0,0,0.0
2024-01-04 08:45:00,1.0,59.895744290497106,60.0,0.5134826666666666,0.0,0.0,0,0,0,0.0
2024-01-04 09:00:00,1.0,60.900659340664355,60.0,0.0,0.0,0.0,0,0,0,0.0
2024-01-04 09:15:00,2.0,61.05116101290516,60.0,0.0,0.0,0.0,0,0,0,0.0
2024-01-04 09:30:00,1.0,60.95916101290516,60.0,0.2567413333333333,0.0,0.0,0,0,0,0.0
2024-01-04 09:45:00,1.0,60.77516101290516,60.0,0.2567413333333333,0.0,0.0,0,0,0,0.0
2024-01-04 10:00:00,1.0,58.466464596278314,60.0,3.337637333333334,0.0,0.0,0,0,0,0.0
2024-01-04 10:15:00,1.0,58.73868131868637,60.0,0.0,0.0,0.0,0,0,0,0.0
2024-01-04 10:30:00,1.0,58.47439923555215,60.0,3.0808960000000005,0.0,0.0,0,0,0,0.0
2024-01-04 10:45:00,1.0,58.65171715241792,60.0,0.0,0.0,0.0,0,0,0,0.0
2024-01-04 11:00:00,1.0,60.2642350692837,60.0,0.0,0.0,0.7650000000000005,1,0,1,0.7377777777777779
2024-01-04 11:15:00,1.0,61.01674343048773,60.0,0.0,0.0,0.8000000000000009,0,0,1,0.0
2024-01-04 11:30:00,1.0,61.01674343048773,60.0,0.0,0.0,0.8000000000000009,0,0,1,0.0
2024-01-04 11:45:00,3.0,60.66714343048773,60.0,0.5134826666666666,0.0,0.8000000000000009,0,0,1,0.0
2024-01-04 12:00:00,1.0,60.35434343048772,60.0,0.2567413333333333,0.0,0.8000000000000009,0,0,1,0.0
2024-01-04 12:15:00,1.0,60.18874343048772,60.0,0.0,0.0,0.8000000000000009,0,0,1,0.0
2024-01-04 12:30:00,1.0,58.26451447683269,60.0,3.0808960000000005,0.0,0.8000000000000009,0,0,1,0.0
2024-01-04 12:45:00,1.0,58.81176493072665,60.0,0.0,0.0,0.8000000000000009,0,0,1,0.0
2024-01-04 13:00:00,1.0,60.41711610129525,60.0,0.0,0.0,0.8000000000000009,0,0,1,0.0
2024-01-04 13:15:00,3.0,59.63119120879646,60.0,3.3376373333333333,0.0,0.8000000000000009,0,0,1,0.0
2024-01-04 13:30:00,1.0,58.87880554228908,60.0,0.0,0.0,0.8000000000000009,0,0,1,0.0
2024-01-04 13:45:00,1.0,60.46982322026331,60.0,0.0,0.0,0.8000000000000009,0,0,1,0.0
2024-01-04 14:00:00,1.0,60.91842943144344,60.0,0.2567413333333333,0.0,0.8000000000000009,0,0,1,0.0
2024-01-04 14:15:00,1.0,60.75282943144345,60.0,0.0,0.0,0.8000000000000009,0,0,1,0.0
2024-01-04 14:30:00,1.0,59.5462004777884,60.0,2.0539306666666666,0.0,0.8000000000000009,0,0,1,0.0
2024-01-04 14:45:00,1.0,60.45835069279083,60.0,0.0,0.0,0.8000000000000009,0,0,1,0.0
2024-01-04 15:00:00,1.0,59.438258576211766,60.0,3.337637333333334,0.0,0.8000000000000009,0,0,1,0.0
2024-01-04 15:15:00,1.0,56.17437362637902,60.0,3.0808960000000005,0.0,0.0,0,1,0,0.0
2024-01-04 15:30:00,1.0,56.6276915432448,60.0,2.053930666666667,0.0,0.0,0,0,0,0.0
2024-01-04 15:45:00,1.0,56.63940946011057,60.0,0.0,0.0,0.0,0,0,0,0.0
2024-01-04 16:00:00,1.0,58.25192737697635,60.0,0.2567413333333333,0.0,0.0,0,0,0,0.0
2024-01-04 16:15:00,1.0,59.49644529384212,60.0,0.5134826666666666,0.0,0.8000000000000002,1,0,1,0.7883333333333333
2024-01-04 16:30:00,1.0,60.6059627329248,60.0,0.0,0.0,0.8000000000000002,0,0,1,0.0
2024-01-04 16:45:00,1.0,61.078967988538764,60.0,0.0,0.0,0.8000000000000002,0,0,1,0.0
2024-01-04 17:00:00,1.0,61.078967988538764,60.0,0.0,0.0,0.8000000000000002,0,0,1,0.0
2024-01-04 17:15:00,1.0,61.078967988538764,60.0,0.0,0.0,0.8000000000000002,0,0,1,0.0
2024-01-04 17:30:00,1.0,59.89963688485984,60.0,2.053930666666667,0.0,0.8000000000000002,0,0,1,0.0
2024-01-04 17:45:00,1.0,60.06028590540453,60.0,0.5134826666666666,0.0,0.8000000000000002,0,0,1,0.0
2024-01-04 18:00:00,1.0,60.83779761109017,60.0,0.2567413333333333,0.0,0.8000000000000002,0,0,1,0.0
2024-01-04 18:15:00,1.0,60.71209784998171,60.0,0.5134826666666666,0.0,0.8000000000000002,0,0,1,0.0
2024-01-04 18:30:00,1.0,59.718497849981695,60.0,0.5134826666666666,0.0,0.8000000000000002,0,0,1,0.0
2024-01-04 18:45:00,1.0,59.626497849981696,60.0,1.5404480000000003,0.0,0.8000000000000002,0,0,1,0.0
2024-01-04 19:00:00,1.0,57.177406211185726,60.0,1.7971893333333335,0.0,0.8000000000000002,0,0,1,0.0
2024-01-04 19:15:00,1.0,57.060324128051505,60.0,1.7971893333333335,0.0,0.8000000000000002,0,0,1,0.0
2024-01-04 19:30:00,1.0,58.084042044917275,60.0,0.0,0.0,0.8000000000000002,0,0,1,0.0
2024-01-04 19:45:00,1.0,59.69655996178305,60.0,0.0,0.0,0.8000000000000002,0,0,1,0.0
2024-01-04 20:00:00,2.0,60.87617429527567,60.0,1.5404480000000003,0.0,0.8000000000000002,0,0,1,0.0
2024-01-04 20:15:00,1.0,59.500281700913526,60.0,0.5134826666666666,0.0,0.8000000000000002,0,0,1,0.0
2024-01-04 20:30:00,1.0,60.835430482566686,60.0,0.0,0.0,0.8000000000000002,0,0,1,0.0
2024-01-04 20:45:00,1.0,60.539299378887755,60.0,0.5134826666666666,0.0,0.8000000000000002,0,0,1,0.0
2024-01-04 21:00:00,1.0,60.44729937888774,60.0,0.2567413333333333,0.0,0.8000000000000002,0,0,1,0.0
2024-01-04 21:15:00,1.0,60.208099378887745,60.0,0.0,0.0,0.8000000000000002,0,0,1,0.0
2024-01-04 21:30:00,1.0,58.64236827520882,60.0,3.337637333333334,0.0,0.8000000000000002,0,0,1,0.0
2024-01-04 21:45:00,1.0,58.23261729575352,60.0,0.0,0.0,0.8000000000000002,0,0,1,0.0
2024-01-04 22:00:00,2.0,59.495535212619295,60.0,0.5134826666666666,0.0,0.8000000000000002,0,0,1,0.0
2024-01-04 22:15:00,2.0,60.73675145724426,60.0,0.2567413333333333,0.0,0.8000000000000002,0,0,1,0.0
2024-01-04 22:30:00,2.0,60.73715432394278,60.0,0.0,0.0,0.8000000000000002,0,0,1,0.0
2024-01-04 22:45:00,2.0,59.005823220263856,60.0,3.594378666666667,0.0,0.8000000000000002,0,0,1,0.0
2024-01-04 23:00:00,2.0,57.60247224080855,60.0,1.5404480000000003,0.0,0.8000000000000002,0,0,1,0.0
2024-01-04 23:15:00,2.0,55.46139015767434,60.0,3.0808960000000005,0.0,0.8000000000000002,0,0,1,0.0
2024-01-04 23:30:00,2.0,56.74270807454011,60.0,0.0,0.0,0.8000000000000002,0,0,1,0.0
2024-01-04 23:45:00,2.0,58.35522599140589,60.0,0.0,0.0,0.8000000000000002,0,0,1,0.0
2024-01-05 00:00:00,2.0,59.967743908271665,60.0,0.0,0.0,0.8000000000000002,0,0,1,0.0
2024-01-05 00:15:00,2.0,60.763655613957305,60.0,1.0269653333333333,0.0,0.8000000000000002,0,0,1,0.0
2024-01-05 00:30:00,2.0,59.68115585284883,60.0,0.2567413333333333,0.0,0.8000000000000002,0,0,1,0.0
2024-01-05 00:45:00,2.0,59.57075585284883,60.0,0.2567413333333333,0.0,0.0,0,1,0,0.0
2024-01-05 01:00:00,2.0,59.38675585284883,60.0,0.0,0.0,0.0,0,0,0,0.0
2024-01-05 01:15:00,2.0,59.24575633063191,60.0,1.0269653333333333,0.0,0.0,0,0,0,0.0
2024-01-05 01:30:00,2.0,59.46526899188372,60.0,0.0,0.0,0.0,0,0,0,0.0
2024-01-05 01:45:00,2.0,60.78628571429178,60.0,0.2567413333333333,0.0,0.0,0,0,0,0.0
2024-01-05 02:00:00,2.0,60.63038929766493,60.0,0.770224,0.0,0.0,0,0,0,0.0
2024-01-05 02:15:00,2.0,59.80238929766492,60.0,0.5134826666666666,0.0,0.0,0,0,0,0.0
2024-01-05 02:30:00,2.0,57.86169288103807,60.0,3.0808960000000005,0.0,0.0,0,0,0,0.0
2024-01-05 02:45:00,2.0,58.07870960344612,60.0,0.2567413333333333,0.0,0.0,0,0,0,0.0
2024-01-05 03:00:00,1.0,59.304827520311896,60.0,0.2567413333333333,0.0,0.0,0,0,0,0.0
2024-01-05 03:15:00,2.0,60.717844242719956,60.0,0.0,0.0,0.0,0,0,0,0.0
2024-01-05 03:30:00,2.0,61.04034782609311,60.0,0.0,0.0,0.0,0,0,0,0.0
2024-01-05 03:45:00,2.0,60.5803478260931,60.0,0.5134826666666666,0.0,0.0,0,0,0,0.0
2024-01-05 04:00:00,2.0,60.488347826093104,60.0,0.0,0.0,0.0,0,0,0,0.0
2024-01-05 04:15:00,1.0,60.488347826093104,60.0,1.5404480000000003,0.0,0.0,0,0,0,0.0
2024-01-05 04:30:00,1.0,59.032856187297135,60.0,1.5404480000000003,0.0,0.0,0,0,0,0.0
2024-01-05 04:45:00,1.0,59.21017410416291,60.0,1.5404480000000003,0.0,0.0,0,0,0,0.0
2024-01-05 05:00:00,2.0,58.872292021028684,60.0,1.0269653333333333,0.0,0.0,0,0,0,0.0
2024-01-05 05:15:00,2.0,60.00640993789445,60.0,0.0,0.0,0.0,0,0,0,0.0
2024-01-05 05:30:00,1.0,61.0599216435801,60.0,0.0,0.0,0.0,0,0,0,0.0
2024-01-05 05:45:00,2.0,60.49262188247163,60.0,1.0269653333333333,0.0,0.0,0,0,0,0.0
2024-01-05 06:00:00,1.0,59.977421882471624,60.0,0.0,0.0,0.0,0,0,0,0.0
2024-01-05 06:15:00,1.0,59.664621882471614,60.0,0.5134826666666666,0.0,0.0,0,0,0,0.0
2024-01-05 06:30:00,1.0,59.42542188247162,60.0,0.0,0.0,0.0,0,0,0,0.0
2024-01-05 06:45:00,1.0,59.42542188247162,60.0,0.0,0.0,0.0,0,0,0,0.0
2024-01-05 07:00:00,1.0,59.42542188247162,60.0,0.0,0.0,0.0,0,0,0,0.0
2024-01-05 07:15:00,1.0,59.22302188247161,60.0,0.2567413333333333,0.0,0.0,0,0,0,0.0
2024-01-05 07:30:00,1.0,59.149421882471614,60.0,1.5404480000000003,0.0,0.7533333333333334,1,0,1,0.7494444444444445
2024-01-05 07:45:00,1.0,58.245930243675645,60.0,0.0,0.0,0.8000000000000007,0,0,1,0.0
2024-01-05 08:00:00,1.0,59.85844816054142,60.0,0.0,0.0,0.8000000000000007,0,0,1,0.0
2024-01-05 08:15:00,1.0,60.85076082179323,60.0,0.5134826666666666,0.0,0.0,0,1,0,0.0
2024-01-05 08:30:00,1.0,60.231361299576314,60.0,1.7971893333333335,0.0,0.0,0,0,0,0.0
2024-01-05 08:45:00,3.0,59.254269660780345,60.0,0.2567413333333333,0.0,0.0,0,0,0,0.0
2024-01-05 09:00:00,1.0,60.602987099863036,60.0,0.0,0.0,0.0,0,0,0,0.0
2024-01-05 09:15:00,1.0,61.07599235547699,60.0,0.0,0.0,0.0,0,0,0,0.0
2024-01-05 09:30:00,1.0,60.85519235547699,60.0,0.2567413333333333,0.0,0.0,0,0,0,0.0
2024-01-05 09:45:00,1.0,60.579192355476984,60.0,1.5404480000000003,0.0,0.0,0,0,0,0.0
2024-01-05 10:00:00,1.0,59.242998566657114,60.0,0.5134826666666666,0.0,0.0,0,0,0,0.0
2024-01-05 10:15:00,1.0,60.4629160057398,60.0,0.770224,0.0,0.8000000000000003,1,0,1,0.7844444444444445
2024-01-05 10:30:00,1.0,60.45152221691993,60.0,0.0,0.0,0.8000000000000003,0,0,1,0.0
2024-01-05 10:45:00,1.0,59.4288932632649,60.0,1.7971893333333333,0.0,0.8000000000000003,0,0,1,0.0
2024-01-05 11:00:00,1.0,60.36254371715886,60.0,0.2567413333333333,0.0,0.8000000000000003,0,0,1,0.0
2024-01-05 11:15:00,1.0,61.02015327282061,60.0,0.2567413333333333,0.0,0.8000000000000003,0,0,1,0.0
2024-01-05 11:30:00,1.0,60.762553272820604,60.0,0.0,0.0,0.8000000000000003,0,0,1,0.0
2024-01-05 11:45:00,1.0,58.47555852843457,60.0,3.0808960000000005,0.0,0.8000000000000003,0,0,1,0.0
2024-01-05 12:00:00,1.0,59.49307596751726,60.0,0.0,0.0,0.8000000000000003,0,0,1,0.0
2024-01-05 12:15:00,1.0,60.90492498806196,60.0,0.0,0.0,0.8000000000000003,0,0,1,0.0
2024-01-05 12:30:00,1.0,61.068793884383034,60.0,0.2567413333333333,0.0,0.8000000000000003,0,0,1,0.0
2024-01-05 12:45:00,1.0,60.55359388438303,60.0,0.5134826666666666,0.0,0.8000000000000003,0,0,1,0.0
2024-01-05 13:00:00,1.0,59.797261347354834,60.0,1.5404480000000003,0.0,0.8000000000000003,0,0,1,0.0
2024-01-05 13:15:00,1.0,59.911608217875646,60.0,0.0,0.0,0.8000000000000003,0,0,1,0.0
2024-01-05 13:30:00,1.0,61.05112087912746,60.0,0.0,0.0,0.8000000000000003,0,0,1,0.0
2024-01-05 13:45:00,1.0,61.00212135691054,60.0,0.2567413333333333,0.0,0.8000000000000003,0,0,1,0.0
2024-01-05 14:00:00,1.0,60.799721356910545,60.0,0.2567413333333333,0.0,0.8000000000000003,0,0,1,0.0
2024-01-05 14:15:00,1.0,60.54212135691054,60.0,0.0,0.0,0.8000000000000003,0,0,1,0.0
2024-01-05 14:30:00,1.0,60.302921356910545,60.0,0.5134826666666666,0.0,0.8000000000000003,0,0,1,0.0
2024-01-05 14:45:00,1.0,59.73252135691053,60.0,0.2567413333333333,0.0,0.8000000000000003,0,0,1,0.0
2024-01-05 15:00:00,1.0,59.71412135691053,60.0,0.0,0.0,0.8000000000000003,0,0,1,0.0
2024-01-05 15:15:00,1.0,59.71412135691053,60.0,0.0,0.0,0.8000000000000003,0,0,1,0.0
2024-01-05 15:30:00,1.0,59.67732135691053,60.0,0.2567413333333333,0.0,0.8000000000000003,0,0,1,0.0
2024-01-05 15:45:00,1.0,59.41972135691053,60.0,0.5134826666666666,0.0,0.8000000000000003,0,0,1,0.0
2024-01-05 16:00:00,1.0,59.63862971811455,60.0,0.0,0.0,0.8000000000000003,0,0,1,0.0
2024-01-05 16:15:00,1.0,60.861445962739516,60.0,0.5134826666666666,0.0,0.8000000000000003,0,0,1,0.0
2024-01-05 16:30:00,1.0,60.530648829438036,60.0,0.770224,0.0,0.8000000000000003,0,0,1,0.0
2024-01-05 16:45:00,1.0,59.739448829438025,60.0,0.5134826666666666,0.0,0.8000000000000003,0,0,1,0.0
2024-01-05 17:00:00,1.0,59.488855040618155,60.0,0.5134826666666666,0.0,0.8000000000000003,0,0,1,0.0
2024-01-05 17:15:00,1.0,60.82400382227131,60.0,0.2567413333333333,0.0,0.8000000000000003,0,0,1,0.0
2024-01-05 17:30:00,1.0,60.39907271859238,60.0,0.5134826666666666,0.0,0.8000000000000003,0,0,1,0.0
2024-01-05 17:45:00,1.0,59.828672718592365,60.0,1.0269653333333333,0.0,0.8000000000000003,0,0,1,0.0
2024-01-05 18:00:00,1.0,59.09267271859236,60.0,0.0,0.0,0.8000000000000003,0,0,1,0.0
2024-01-05 18:15:00,1.0,59.04463946488954,60.0,0.5134826666666666,0.0,0.8000000000000003,0,0,1,0.0
2024-01-05 18:30:00,1.0,59.48978346871182,60.0,0.2567413333333333,0.0,0.8000000000000003,0,0,1,0.0
2024-01-05 18:45:00,1.0,60.53190138557759,60.0,0.5134826666666666,0.0,0.8000000000000003,0,0,1,0.0
2024-01-05 19:00:00,1.0,60.93480974678162,60.0,1.5404480000000003,0.0,0.8000000000000003,0,0,1,0.0
2024-01-05 19:15:00,1.0,59.38920974678162,60.0,0.0,0.0,0.8000000000000003,0,0,1,0.0
2024-01-05 19:30:00,1.0,58.93698079312658,60.0,1.2837066666666668,0.0,0.8000000000000003,0,0,1,0.0
2024-01-05 19:45:00,1.0,59.94423124702053,60.0,0.0,0.0,0.8000000000000003,0,0,1,0.0
2024-01-05 20:00:00,1.0,60.997742952706176,60.0,0.0,0.0,0.8000000000000003,0,0,1,0.0
2024-01-05 20:15:00,1.0,60.52244319159771,60.0,0.5134826666666666,0.0,0.8000000000000003,0,0,1,0.0
2024-01-05 20:30:00,1.0,59.737443669380795,60.0,3.0808960000000005,0.0,0.8000000000000003,0,0,1,0.0
2024-01-05 20:45:00,1.0,58.22735633063261,60.0,0.2567413333333333,0.0,0.8000000000000003,0,0,1,0.0
2024-01-05 21:00:00,1.0,59.61907424749839,60.0,0.2567413333333333,0.0,0.8000000000000003,0,0,1,0.0
2024-01-05 21:15:00,1.0,60.810123268043085,60.0,0.0,0.0,0.8000000000000003,0,0,1,0.0
2024-01-05 21:30:00,1.0,61.01079216436416,60.0,0.0,0.0,0.8000000000000003,0,0,1,0.0
2024-01-05 21:45:00,1.0,61.01079216436416,60.0,0.0,0.0,0.8000000000000003,0,0,1,0.0
2024-01-05 22:00:00,1.0,61.01079216436416,60.0,0.0,0.0,0.8000000000000003,0,0,1,0.0
2024-01-05 22:15:00,1.0,60.58759216436416,60.0,0.5134826666666666,0.0,0.8000000000000003,0,0,1,0.0
2024-01-05 22:30:00,1.0,59.90989240325569,60.0,1.7971893333333335,0.0,0.8000000000000003,0,0,1,0.0
2024-01-05 22:45:00,2.0,58.93940410894133,60.0,1.5404480000000003,0.0,0.8000000000000003,0,0,1,0.0
2024-01-05 23:00:00,2.0,59.558322025807115,60.0,0.0,0.0,0.8000000000000003,0,0,1,0.0
2024-01-05 23:15:00,2.0,60.85763707597437,60.0,0.5134826666666666,0.0,0.8000000000000003,0,0,1,0.0
2024-01-05 23:30:00,2.0,60.41933874821517,60.0,0.2567413333333333,0.0,0.8000000000000003,0,0,1,0.0
2024-01-05 23:45:00,2.0,60.069738748215165,60.0,0.2567413333333333,0.0,0.8000000000000003,0,0,1,0.0
2024-01-06 00:00:00,2.0,59.83053874821516,60.0,0.2567413333333333,0.0,0.8000000000000003,0,0,1,0.0
2024-01-06 00:15:00,2.0,59.68333874821516,60.0,0.0,0.0,0.8000000000000003,0,0,1,0.0
2024-01-06 00:30:00,2.0,59.59133874821516,60.0,0.2567413333333333,0.0,0.8000000000000003,0,0,1,0.0
2024-01-06 00:45:00,2.0,59.40733874821515,60.0,0.2567413333333333,0.0,0.8000000000000003,0,0,1,0.0
2024-01-06 01:00:00,2.0,59.13910979456011,60.0,0.5134826666666666,0.0,0.8000000000000003,0,0,1,0.0
2024-01-06 01:15:00,2.0,59.74156024845408,60.0,1.7971893333333335,0.0,0.8000000000000003,0,0,1,0.0
2024-01-06 01:30:00,2.0,59.71647816531984,60.0,1.7971893333333335,0.0,0.8000000000000003,0,0,1,0.0
2024-01-06 01:45:00,2.0,59.875396082185624,60.0,0.0,0.0,0.8000000000000003,0,0,1,0.0
2024-01-06 02:00:00,2.0,60.56207548973462,60.0,3.594378666666667,0.0,0.8000000000000003,0,0,1,0.0
2024-01-06 02:15:00,2.0,58.05101997133999,60.0,0.2567413333333333,0.0,0.8000000000000003,0,0,1,0.0
2024-01-06 02:30:00,2.0,59.44273788820576,60.0,0.2567413333333333,0.0,0.8000000000000003,0,0,1,0.0
2024-01-06 02:45:00,2.0,60.08005580507153,60.0,3.594378666666667,0.0,0.8000000000000003,0,0,1,0.0
2024-01-06 03:00:00,2.0,57.589373721937314,60.0,3.0808960000000005,0.0,0.8000000000000003,0,0,1,0.0
2024-01-06 03:15:00,2.0,56.883491638803086,60.0,0.0,0.0,0.8000000000000003,0,0,1,0.0
2024-01-06 03:30:00,2.0,58.31200955566886,60.0,0.2567413333333333,0.0,0.8000000000000003,0,0,1,0.0
2024-01-06 03:45:00,2.0,58.12132747253463,60.0,2.053930666666667,0.0,0.8000000000000003,0,0,1,0.0
2024-01-06 04:00:00,2.0,59.18184538940041,60.0,0.2567413333333333,0.0,0.8000000000000003,0,0,1,0.0
2024-01-06 04:15:00,1.0,60.53056282848309,60.0,0.0,0.0,0.8000000000000003,0,0,1,0.0
2024-01-06 04:30:00,1.0,60.80116808409705,60.0,0.770224,0.0,0.8000000000000003,0,0,1,0.0
2024-01-06 04:45:00,2.0,58.97666927855476,60.0,3.3376373333333333,0.0,0.8000000000000003,0,0,1,0.0
2024-01-06 05:00:00,1.0,57.98508361204738,60.0,0.0,0.0,0.8000000000000003,0,0,1,0.0
2024-01-06 05:15:00,1.0,59.340001528913156,60.0,0.2567413333333333,0.0,0.8000000000000003,0,0,1,0.0
2024-01-06 05:30:00,2.0,60.783617773538126,60.0,0.0,0.0,0.8000000000000003,0,0,1,0.0
2024-01-06 05:45:00,2.0,60.91282064023665,60.0,0.2567413333333333,0.0,0.8000000000000003,0,0,1,0.0
2024-01-06 06:00:00,1.0,60.76562064023665,60.0,0.0,0.0,0.8000000000000003,0,0,1,0.0
2024-01-06 06:15:00,1.0,60.76562064023665,60.0,0.0,0.0,0.8000000000000003,0,0,1,0.0
2024-01-06 06:30:00,1.0,60.63682064023665,60.0,0.2567413333333333,0.0,0.8000000000000003,0,0,1,0.0
2024-01-06 06:45:00,1.0,60.489620640236645,60.0,0.0,0.0,0.8000000000000003,0,0,1,0.0
2024-01-06 07:00:00,1.0,59.530888103208454,60.0,3.594378666666667,0.0,0.8000000000000003,0,0,1,0.0
2024-01-06 07:15:00,1.0,57.63963497372926,60.0,0.5134826666666666,0.0,0.8000000000000003,0,0,1,0.0
2024-01-06 07:30:00,1.0,58.77375289059503,60.0,0.2567413333333333,0.0,0.8000000000000003,0,0,1,0.0
2024-01-06 07:45:00,1.0,60.239070807460806,60.0,0.2567413333333333,0.0,0.8000000000000003,0,0,1,0.0
2024-01-06 08:00:00,1.0,60.99701481128309,60.0,0.0,0.0,0.8000000000000003,0,0,1,0.0
2024-01-06 08:15:00,1.0,60.76498155758027,60.0,0.5134826666666666,0.0,0.8000000000000003,0,0,1,0.0
2024-01-06 08:30:00,1.0,60.45218155758026,60.0,0.0,0.0,0.8000000000000003,0,0,1,0.0
2024-01-06 08:45:00,1.0,60.45218155758026,60.0,0.0,0.0,0.8000000000000003,0,0,1,0.0
2024-01-06 09:00:00,1.0,60.45218155758026,60.0,0.0,0.0,0.8000000000000003,0,0,1,0.0
2024-01-06 09:15:00,1.0,59.34528275203798,60.0,3.0808960000000005,0.0,0.8000000000000003,0,0,1,0.0
2024-01-06 09:30:00,1.0,58.4456970855306,60.0,0.2567413333333333,0.0,0.8000000000000003,0,0,1,0.0
2024-01-06 09:45:00,1.0,59.874215002396376,60.0,0.0,0.0,0.0,0,1,0,0.0
2024-01-06 10:00:00,1.0,61.01372766364819,60.0,0.0,0.0,0.0,0,0,0,0.0
2024-01-06 10:15:00,1.0,60.24712814143127,60.0,1.0269653333333333,0.0,0.0,0,0,0,0.0
2024-01-06 10:30:00,1.0,58.35019703775234,60.0,3.3376373333333333,0.0,0.8000000000000003,1,0,1,0.7844444444444445
2024-01-06 10:45:00,1.0,57.97724605829704,60.0,0.0,0.0,0.8000000000000003,0,0,1,0.0
2024-01-06 11:00:00,1.0,59.350563975162814,60.0,0.5134826666666666,0.0,0.8000000000000003,0,0,1,0.0
2024-01-06 11:15:00,1.0,60.6072814142455,60.0,0.0,0.0,0.8000000000000003,0,0,1,0.0
2024-01-06 11:30:00,1.0,61.02508666985946,60.0,0.5134826666666666,0.0,0.8000000000000003,0,0,1,0.0
2024-01-06 11:45:00,1.0,59.606354132831264,60.0,3.337637333333334,0.0,0.8000000000000003,0,0,1,0.0
2024-01-06 12:00:00,1.0,58.230301003352075,60.0,0.0,0.0,0.8000000000000003,0,0,1,0.0
2024-01-06 12:15:00,1.0,59.84281892021785,60.0,0.0,0.0,0.8000000000000003,0,0,1,0.0
2024-01-06 12:30:00,1.0,60.982331581469666,60.0,1.5404480000000003,0.0,0.0,0,1,0,0.0
2024-01-06 12:45:00,1.0,56.15750597229625,60.0,4.6213440000000015,0.0,0.0,0,0,0,0.0
2024-01-06 13:00:00,1.0,56.658857142864846,60.0,0.0,0.0,0.0,0,0,0,0.0
2024-01-06 13:15:00,1.0,55.21697505973063,60.0,3.337637333333334,0.0,0.8000000000000003,1,0,1,0.7844444444444445
2024-01-06 13:30:00,1.0,56.2958929765964,60.0,0.0,0.0,0.8000000000000003,0,0,1,0.0
2024-01-06 13:45:00,1.0,57.70601089346217,60.0,0.2567413333333333,0.0,0.8000000000000003,0,0,1,0.0
2024-01-06 14:00:00,1.0,59.024128810327944,60.0,0.2567413333333333,0.0,0.8000000000000003,0,0,1,0.0
2024-01-06 14:15:00,1.0,60.53844624941063,60.0,0.0,0.0,0.8000000000000003,0,0,1,0.0
2024-01-06 14:30:00,1.0,61.011451505024596,60.0,0.0,0.0,0.8000000000000003,0,0,1,0.0
2024-01-06 14:45:00,1.0,59.8154515050246,60.0,1.7971893333333335,0.0,0.0,0,1,0,0.0
2024-01-06 15:00:00,1.0,59.07945150502459,60.0,1.5404480000000003,0.0,0.0,0,0,0,0.0
2024-01-06 15:15:00,1.0,55.85755986622863,60.0,4.6213440000000015,0.0,0.0,0,0,0,0.0
2024-01-06 15:30:00,1.0,54.802077783094404,60.0,0.2567413333333333,0.0,0.0,0,0,0,0.0
2024-01-06 15:45:00,1.0,56.15699569996018,60.0,0.0,0.0,0.0,0,0,0,0.0
2024-01-06 16:00:00,1.0,57.769513616825954,60.0,0.0,0.0,0.0,0,0,0,0.0
2024-01-06 16:15:00,1.0,59.38203153369173,60.0,0.2567413333333333,0.0,0.7961111111111117,1,0,1,0.7611111111111112
2024-01-06 16:30:00,1.0,60.45378270426032,60.0,0.2567413333333333,0.0,0.8000000000000006,0,0,1,0.0
2024-01-06 16:45:00,1.0,60.09395661730381,60.0,1.5404480000000003,0.0,0.8000000000000006,0,0,1,0.0
2024-01-06 17:00:00,1.0,59.43155661730381,60.0,0.0,0.0,0.8000000000000006,0,0,1,0.0
2024-01-06 17:15:00,1.0,59.43155661730381,60.0,0.0,0.0,0.8000000000000006,0,0,1,0.0
2024-01-06 17:30:00,1.0,56.5509305303473,60.0,6.161792000000001,0.0,0.8000000000000006,0,0,1,0.0
2024-01-06 17:45:00,1.0,55.065081700915904,60.0,0.0,0.0,0.8000000000000006,0,0,1,0.0
2024-01-06 18:00:00,1.0,56.12559961778168,60.0,3.0808960000000005,0.0,0.8000000000000006,0,0,1,0.0
2024-01-06 18:15:00,1.0,54.62851753464746,60.0,0.5134826666666666,0.0,0.8000000000000006,0,0,1,0.0
2024-01-06 18:30:00,1.0,55.61543545151323,60.0,0.5134826666666666,0.0,0.8000000000000006,0,0,1,0.0
2024-01-06 18:45:00,1.0,57.099153368379,60.0,0.0,0.0,0.8000000000000006,0,0,1,0.0
2024-01-06 19:00:00,1.0,58.711671285244776,60.0,0.0,0.0,0.8000000000000006,0,0,1,0.0
2024-01-06 19:15:00,1.0,60.32418920211055,60.0,0.0,0.0,0.8000000000000006,0,0,1,0.0
2024-01-06 19:30:00,1.0,60.87429756331458,60.0,0.5134826666666666,0.0,0.8000000000000006,0,0,1,0.0
2024-01-06 19:45:00,1.0,58.9059004300131,60.0,3.0808960000000005,0.0,0.8000000000000006,0,0,1,0.0
2024-01-06 20:00:00,1.0,58.60151667463807,60.0,0.770224,0.0,0.8000000000000006,0,0,1,0.0
2024-01-06 20:15:00,1.0,59.478034591503835,60.0,0.2567413333333333,0.0,0.8000000000000006,0,0,1,0.0
2024-01-06 20:30:00,1.0,60.65068361204853,60.0,0.5134826666666666,0.0,0.8000000000000006,0,0,1,0.0
2024-01-06 20:45:00,1.0,60.501752508369606,60.0,0.0,0.0,0.8000000000000006,0,0,1,0.0
2024-01-06 21:00:00,1.0,60.501752508369606,60.0,0.0,0.0,0.8000000000000006,0,0,1,0.0
2024-01-06 21:15:00,1.0,60.501752508369606,60.0,0.0,0.0,0.8000000000000006,0,0,1,0.0
2024-01-06 21:30:00,1.0,60.501752508369606,60.0,0.0,0.0,0.8000000000000006,0,0,1,0.0
2024-01-06 21:45:00,2.0,60.501752508369606,60.0,0.0,0.0,0.8000000000000006,0,0,1,0.0
2024-01-06 22:00:00,2.0,60.501752508369606,60.0,0.0,0.0,0.8000000000000006,0,0,1,0.0
2024-01-06 22:15:00,1.0,60.501752508369606,60.0,0.2567413333333333,0.0,0.8000000000000006,0,0,1,0.0
2024-01-06 22:30:00,1.0,59.9865525083696,60.0,0.2567413333333333,0.0,0.8000000000000006,0,0,1,0.0
2024-01-06 22:45:00,2.0,59.9497525083696,60.0,0.0,0.0,0.8000000000000006,0,0,1,0.0
2024-01-06 23:00:00,2.0,59.802552508369594,60.0,0.2567413333333333,0.0,0.8000000000000006,0,0,1,0.0
2024-01-06 23:15:00,2.0,59.673752508369596,60.0,0.0,0.0,0.8000000000000006,0,0,1,0.0
2024-01-06 23:30:00,2.0,59.673752508369596,60.0,0.0,0.0,0.8000000000000006,0,0,1,0.0
2024-01-06 23:45:00,2.0,58.58855537506812,60.0,2.053930666666667,0.0,0.8000000000000006,0,0,1,0.0
2024-01-07 00:00:00,2.0,59.185771619693085,60.0,0.0,0.0,0.8000000000000006,0,0,1,0.0
2024-01-07 00:15:00,2.0,59.39988953655886,60.0,1.7971893333333335,0.0,0.8000000000000006,0,0,1,0.0
2024-01-07 00:30:00,2.0,59.485207453424636,60.0,1.5404480000000003,0.0,0.8000000000000006,0,0,1,0.0
2024-01-07 00:45:00,2.0,60.398525370290415,60.0,0.2567413333333333,0.0,0.8000000000000006,0,0,1,0.0
2024-01-07 01:00:00,2.0,60.117734925952156,60.0,1.7971893333333333,0.0,0.8000000000000006,0,0,1,0.0
2024-01-07 01:15:00,2.0,59.087334925952156,60.0,0.0,0.0,0.8000000000000006,0,0,1,0.0
2024-01-07 01:30:00,2.0,59.087334925952156,60.0,0.0,0.0,0.8000000000000006,0,0,1,0.0
2024-01-07 01:45:00,2.0,59.087334925952156,60.0,0.0,0.0,0.8000000000000006,0,0,1,0.0
2024-01-07 02:00:00,2.0,58.60700238892397,60.0,1.5404480000000003,0.0,0.8000000000000006,0,0,1,0.0
2024-01-07 02:15:00,2.0,58.72134925944478,60.0,0.0,0.0,0.8000000000000006,0,0,1,0.0
2024-01-07 02:30:00,2.0,60.333867176310555,60.0,0.0,0.0,0.8000000000000006,0,0,1,0.0
2024-01-07 02:45:00,2.0,60.82877553751458,60.0,0.2567413333333333,0.0,0.8000000000000006,0,0,1,0.0
2024-01-07 03:00:00,2.0,60.81037553751458,60.0,0.0,0.0,0.8000000000000006,0,0,1,0.0
2024-01-07 03:15:00,2.0,60.79197553751458,60.0,0.2567413333333333,0.0,0.8000000000000006,0,0,1,0.0
2024-01-07 03:30:00,2.0,60.276775537514574,60.0,0.5134826666666666,0.0,0.8000000000000006,0,0,1,0.0
2024-01-07 03:45:00,2.0,59.77997553751457,60.0,0.5134826666666666,0.0,0.8000000000000006,0,0,1,0.0
2024-01-07 04:00:00,1.0,58.57858079312852,60.0,1.5404480000000003,0.0,0.8000000000000006,0,0,1,0.0
2024-01-07 04:15:00,1.0,59.816898232211216,60.0,0.0,0.0,0.8000000000000006,0,0,1,0.0
2024-01-07 04:30:00,1.0,60.52004510273202,60.0,1.0269653333333333,0.0,0.0,0,1,0,0.0
2024-01-07 04:45:00,2.0,60.002912565703824,60.0,0.0,0.0,0.0,0,0,0,0.0
2024-01-07 05:00:00,2.0,59.76371256570382,60.0,0.5134826666666666,0.0,0.0,0,0,0,0.0
2024-01-07 05:15:00,2.0,59.45091256570382,60.0,0.0,0.0,0.0,0,0,0,0.0
2024-01-07 05:30:00,2.0,59.45091256570382,60.0,0.0,0.0,0.0,0,0,0,0.0
2024-01-07 05:45:00,2.0,59.34051256570381,60.0,0.2567413333333333,0.0,0.0,0,0,0,0.0
2024-01-07 06:00:00,1.0,59.07751782131777,60.0,0.770224,0.0,0.0,0,0,0,0.0
2024-01-07 06:15:00,2.0,60.382268514103274,60.0,0.0,0.0,0.8000000000000003,1,0,1,0.7805555555555556
2024-01-07 06:30:00,1.0,60.50084242714676,60.0,0.770224,0.0,0.8000000000000003,0,0,1,0.0
2024-01-07 06:45:00,1.0,60.077642427146756,60.0,0.5134826666666666,0.0,0.8000000000000003,0,0,1,0.0
2024-01-07 07:00:00,1.0,59.19444242714675,60.0,0.5134826666666666,0.0,0.8000000000000003,0,0,1,0.0
2024-01-07 07:15:00,1.0,58.18050989011855,60.0,4.6213440000000015,0.0,0.8000000000000003,0,0,1,0.0
2024-01-07 07:30:00,1.0,49.02125676063936,60.0,13.864032,0.0,0.8000000000000003,0,0,1,0.0
2024-01-07 07:45:00,1.0,42.13297467750512,60.0,0.0,0.0,0.8000000000000003,0,0,1,0.0
2024-01-07 08:00:00,1.0,43.745492594370894,60.0,0.0,0.0,0.0,0,1,0,0.0
2024-01-07 08:15:00,1.0,45.35801051123667,60.0,0.0,0.0,0.0,0,0,0,0.0
2024-01-07 08:30:00,3.0,46.97052842810245,60.0,0.0,0.0,0.8000000000000002,1,0,1,0.7922222222222223
2024-01-07 08:45:00,1.0,48.583046344968224,60.0,0.0,0.0,0.8000000000000002,0,0,1,0.0
2024-01-07 09:00:00,1.0,50.195564261834,60.0,0.0,0.0,0.8000000000000002,0,0,1,0.0
2024-01-07 09:15:00,1.0,51.80808217869978,60.0,0.0,0.0,0.8000000000000002,0,0,1,0.0
2024-01-07 09:30:00,1.0,53.23660009556555,60.0,0.2567413333333333,0.0,0.8000000000000002,0,0,1,0.0
2024-01-07 09:45:00,1.0,54.44431801243132,60.0,0.5134826666666666,0.0,0.8000000000000002,0,0,1,0.0
2024-01-07 10:00:00,1.0,55.2840359292971,60.0,1.0269653333333333,0.0,0.8000000000000002,0,0,1,0.0
2024-01-07 10:15:00,1.0,55.51655384616286,60.0,1.7971893333333335,0.0,0.0,0,1,0,0.0
2024-01-07 10:30:00,1.0,56.006671763028635,60.0,0.0,0.0,0.0,0,0,0,0.0
2024-01-07 10:45:00,1.0,57.61918967989441,60.0,0.0,0.0,0.0,0,0,0,0.0
2024-01-07 11:00:00,1.0,59.23170759676019,60.0,0.0,0.0,0.0,0,0,0,0.0
2024-01-07 11:15:00,1.0,60.53142551362596,60.0,0.5134826666666666,0.0,0.0,0,0,0,0.0
2024-01-07 11:30:00,1.0,61.04473387482999,60.0,0.0,0.0,0.0,0,0,0,0.0
2024-01-07 11:45:00,1.0,61.04473387482999,60.0,0.0,0.0,0.0,0,0,0,0.0
2024-01-07 12:00:00,1.0,60.56633387482998,60.0,0.770224,0.0,0.0,0,0,0,0.0
2024-01-07 12:15:00,1.0,59.53923554707078,60.0,2.053930666666667,0.0,0.0,0,0,0,0.0
2024-01-07 12:30:00,1.0,59.274550597238026,60.0,0.5134826666666666,0.0,0.0,0,0,0,0.0
2024-01-07 12:45:00,1.0,60.51286803632071,60.0,0.5134826666666666,0.0,0.0,0,0,0,0.0
2024-01-07 13:00:00,1.0,60.45227329193467,60.0,0.0,0.0,0.0,0,0,0,0.0
2024-01-07 13:15:00,1.0,60.45227329193467,60.0,0.0,0.0,0.0,0,0,0,0.0
2024-01-07 13:30:00,1.0,60.45227329193467,60.0,0.0,0.0,0.0,0,0,0,0.0
2024-01-07 13:45:00,1.0,60.45227329193467,60.0,0.0,0.0,0.0,0,0,0,0.0
2024-01-07 14:00:00,1.0,60.45227329193467,60.0,0.0,0.0,0.0,0,0,0,0.0
2024-01-07 14:15:00,1.0,60.45227329193467,60.0,0.0,0.0,0.0,0,0,0,0.0
2024-01-07 14:30:00,1.0,60.45227329193467,60.0,0.0,0.0,0.0,0,0,0,0.0
2024-01-07 14:45:00,1.0,60.45227329193467,60.0,0.0,0.0,0.0,0,0,0,0.0
2024-01-07 15:00:00,1.0,60.45227329193467,60.0,0.0,0.0,0.0,0,0,0,0.0
2024-01-07 15:15:00,1.0,60.45227329193467,60.0,0.0,0.0,0.0,0,0,0,0.0
2024-01-07 15:30:00,1.0,60.45227329193467,60.0,0.0,0.0,0.0,0,0,0,0.0
2024-01-07 15:45:00,1.0,60.45227329193467,60.0,0.0,0.0,0.0,0,0,0,0.0
2024-01-07 16:00:00,1.0,60.45227329193467,60.0,0.0,0.0,0.0,0,0,0,0.0
2024-01-07 16:15:00,1.0,60.45227329193467,60.0,0.0,0.0,0.0,0,0,0,0.0
2024-01-07 16:30:00,1.0,60.45227329193467,60.0,0.0,0.0,0.0,0,0,0,0.0
2024-01-07 16:45:00,1.0,60.45227329193467,60.0,0.0,0.0,0.0,0,0,0,0.0
2024-01-07 17:00:00,1.0,60.45227329193467,60.0,0.0,0.0,0.0,0,0,0,0.0
2024-01-07 17:15:00,1.0,60.45227329193467,60.0,0.0,0.0,0.0,0,0,0,0.0
2024-01-07 17:30:00,1.0,60.45227329193467,60.0,0.0,0.0,0.0,0,0,0,0.0
2024-01-07 17:45:00,1.0,60.45227329193467,60.0,0.0,0.0,0.0,0,0,0,0.0
2024-01-07 18:00:00,1.0,60.45227329193467,60.0,0.0,0.0,0.0,0,0,0,0.0
2024-01-07 18:15:00,1.0,60.45227329193467,60.0,0.0,0.0,0.0,0,0,0,0.0
2024-01-07 18:30:00,1.0,60.45227329193467,60.0,0.0,0.0,0.0,0,0,0,0.0
2024-01-07 18:45:00,1.0,60.45227329193467,60.0,0.0,0.0,0.0,0,0,0,0.0
2024-01-07 19:00:00,1.0,60.45227329193467,60.0,0.0,0.0,0.0,0,0,0,0.0
2024-01-07 19:15:00,1.0,60.45227329193467,60.0,0.0,0.0,0.0,0,0,0,0.0
2024-01-07 19:30:00,1.0,60.45227329193467,60.0,0.0,0.0,0.0,0,0,0,0.0
2024-01-07 19:45:00,1.0,60.45227329193467,60.0,0.0,0.0,0.0,0,0,0,0.0
2024-01-07 20:00:00,1.0,60.45227329193467,60.0,0.0,0.0,0.0,0,0,0,0.0
2024-01-07 20:15:00,1.0,60.45227329193467,60.0,0.0,0.0,0.0,0,0,0,0.0
2024-01-07 20:30:00,1.0,60.45227329193467,60.0,0.2567413333333333,0.0,0.0,0,0,0,0.0
2024-01-07 20:45:00,1.0,59.56907329193465,60.0,0.770224,0.0,0.0,0,0,0,0.0
2024-01-07 21:00:00,1.0,59.09397496417545,60.0,0.770224,0.0,0.0,0,0,0,0.0
2024-01-07 21:15:00,1.0,59.8228900143427,60.0,0.5134826666666666,0.0,0.0,0,0,0,0.0
2024-01-07 21:30:00,2.0,60.885139034887395,60.0,0.0,0.0,0.0,0,0,0,0.0
2024-01-07 21:45:00,2.0,60.99380793120847,60.0,0.770224,0.0,0.0,0,0,0,0.0
2024-01-07 22:00:00,2.0,60.25780793120846,60.0,0.0,0.0,0.0,0,0,0,0.0
2024-01-07 22:15:00,1.0,60.25780793120846,60.0,0.0,0.0,0.0,0,0,0,0.0
2024-01-07 22:30:00,1.0,60.165807931208455,60.0,0.2567413333333333,0.0,0.0,0,0,0,0.0
2024-01-07 22:45:00,1.0,59.583208408991545,60.0,1.5404480000000003,0.0,0.0,0,0,0,0.0
2024-01-07 23:00:00,1.0,59.269121070243365,60.0,2.053930666666667,0.0,0.0,0,0,0,0.0
2024-01-07 23:15:00,1.0,58.397638987109126,60.0,0.770224,0.0,0.0,0,0,0,0.0
2024-01-07 23:30:00,1.0,59.6973569039749,60.0,0.0,0.0,0.0,0,0,0,0.0
2024-01-07 23:45:00,1.0,60.98737123746752,60.0,0.0,0.0,0.0,0,0,0,0.0
