,TumbleDryer,DishWasher,WashingMachine,BaseLoad,P_HP
2024-01-01 00:00:00,0.001,0.0,0.001,0.20788553068624763,0.0
2024-01-01 00:15:00,0.001,0.0,0.001,0.21855219735291428,0.0
2024-01-01 00:30:00,0.001,0.0,0.001,0.0665521973529143,0.0
2024-01-01 00:45:00,0.001,0.0,0.001,0.0665521973529143,0.0
2024-01-01 01:00:00,0.001,0.0,0.001,0.09378205086272001,0.0
2024-01-01 01:15:00,0.001,0.0,0.001,0.221,0.0
2024-01-01 01:30:00,0.001,0.0,0.001,0.23233333333333336,0.0
2024-01-01 01:45:00,0.001,0.0,0.001,0.04766666666666667,0.0
2024-01-01 02:00:00,0.001,0.0,0.001,0.035,0.0
2024-01-01 02:15:00,0.001,0.0,0.001,0.035,0.0
2024-01-01 02:30:00,0.001,0.0,0.001,0.097,0.0
2024-01-01 02:45:00,0.001,0.0,0.001,0.335,0.0
2024-01-01 03:00:00,0.001,0.0,0.001,0.09833333333333334,0.0
2024-01-01 03:15:00,0.001,0.0,0.001,0.035,0.0
2024-01-01 03:30:00,0.001,0.0,0.001,0.035,0.0
2024-01-01 03:45:00,0.001,0.0,0.001,0.035,0.0
2024-01-01 04:00:00,0.001,0.0,0.001,0.24366666666666667,0.0
2024-01-01 04:15:00,0.001,0.0,0.001,0.2516666666666667,2.933333333333333
2024-01-01 04:30:00,0.001,0.0,0.001,0.035,1.8666666666666667
2024-01-01 04:45:00,0.001,0.0,0.001,0.035,0.8
2024-01-01 05:00:00,0.001,0.0,0.001,0.035,0.0
2024-01-01 05:15:00,0.001,0.0,0.001,0.149,2.933333333333333
2024-01-01 05:30:00,0.001,0.0,0.001,0.251,4.0
2024-01-01 05:45:00,0.001,0.0,0.001,0.13033333333333333,1.3333333333333333
2024-01-01 06:00:00,0.001,0.0,0.001,0.035,0.0
2024-01-01 06:15:00,0.001,0.0,0.001,0.035,0.0
2024-01-01 06:30:00,0.001,0.0,0.001,0.11133333333333333,0.0
2024-01-01 06:45:00,0.001,0.0,0.001,0.238,0.0
2024-01-01 07:00:00,0.001,0.0,0.001,0.132,0.0
2024-01-01 07:15:00,0.001,0.0,0.001,0.136,0.0
2024-01-01 07:30:00,0.001,0.0,0.001,0.043666666666666666,0.0
2024-01-01 07:45:00,0.001,0.0,0.001,0.04766666666666667,0.0
2024-01-01 08:00:00,0.001,0.0,0.001,0.225,0.0
2024-01-01 08:15:00,0.001,0.0,0.001,0.111,0.0
2024-01-01 08:30:00,0.001,0.0,0.001,0.10099999999999999,0.0
2024-01-01 08:45:00,0.001,0.0,0.001,0.11566666666666665,0.0
2024-01-01 09:00:00,0.001,0.0,0.001,0.035,2.6666666666666665
2024-01-01 09:15:00,0.001,0.0,0.001,0.187,0.0
2024-01-01 09:30:00,0.001,0.0,0.001,0.16166666666666668,0.0
2024-01-01 09:45:00,0.001,0.0,0.001,0.035,0.0
2024-01-01 10:00:00,0.001,0.00046666666666666666,0.001,0.12133333333333333,0.0
2024-01-01 10:15:00,0.001,0.9006000000000001,0.001,0.12133333333333333,0.0
2024-01-01 10:30:00,0.001,0.30086666666666667,0.001,0.14933333333333332,0.0
2024-01-01 10:45:00,0.001,0.001,0.001,0.21753333333333333,0.0
2024-01-01 11:00:00,0.001,0.0002,0.001,0.035,0.0
2024-01-01 11:15:00,0.001,0.0,0.001,1.5016666666666667,0.0
2024-01-01 11:30:00,0.001,0.0,0.001,1.3156666666666665,0.0
2024-01-01 11:45:00,0.001,0.0,0.001,0.15166666666666667,0.0
2024-01-01 12:00:00,0.001,0.0,0.001,0.30604000000000003,0.0
2024-01-01 12:15:00,0.001,0.0,0.001,0.22169999999999998,0.0
2024-01-01 12:30:00,0.001,0.0,0.001,0.1837,0.0
2024-01-01 12:45:00,0.001,0.0,0.001,0.1837,0.0
2024-01-01 13:00:00,0.001,0.0,0.001,0.26736666666666664,0.0
2024-01-01 13:15:00,0.001,0.0,0.001,0.41936666666666667,0.0
2024-01-01 13:30:00,0.001,0.0,0.001,0.25936666666666663,0.0
2024-01-01 13:45:00,0.001,0.0,0.001,0.1707,0.0
2024-01-01 14:00:00,0.001,0.0,0.001,0.1707,0.5333333333333333
2024-01-01 14:15:00,0.001,0.0,0.001,0.1707,1.6
2024-01-01 14:30:00,0.001,0.0,0.001,0.40536666666666665,0.0
2024-01-01 14:45:00,0.001,0.0,0.001,0.36136666666666667,0.0
2024-01-01 15:00:00,0.001,0.0,0.001,0.1707,0.0
2024-01-01 15:15:00,0.001,0.0,0.001,0.1707,0.0
2024-01-01 15:30:00,0.001,0.0,0.001,0.1707,0.0
2024-01-01 15:45:00,0.001,0.0,0.001,0.25936666666666663,0.0
2024-01-01 16:00:00,0.001,0.0,0.001,0.46336666666666665,0.0
2024-01-01 16:15:00,0.001,0.0,0.001,0.2147,0.0
2024-01-01 16:30:00,0.001,0.0,0.001,0.1707,0.0
2024-01-01 16:45:00,0.001,0.0,0.001,0.1707,0.0
2024-01-01 17:00:00,0.001,0.0,0.001,1.4819,0.0
2024-01-01 17:15:00,0.001,0.0,0.001,2.4827,0.0
2024-01-01 17:30:00,0.001,0.0,0.001,2.137633333333333,0.0
2024-01-01 17:45:00,0.001,0.0,0.001,0.3406333333333333,0.0
2024-01-01 18:00:00,0.001,0.0,0.001,0.43479999999999996,0.0
2024-01-01 18:15:00,0.001,0.0,0.001,1.5911333333333333,2.1333333333333333
2024-01-01 18:30:00,0.001,0.0,0.001,2.0514,0.0
2024-01-01 18:45:00,0.001,0.0,0.001,0.1436666666666667,0.0
2024-01-01 19:00:00,0.001,0.0,0.001,0.18041190437252572,0.0
2024-01-01 19:15:00,0.001,0.0,0.001,0.21688553068624764,0.0
2024-01-01 19:30:00,0.001,0.0,0.001,0.1875521973529143,0.0
2024-01-01 19:45:00,0.001,0.0,0.001,0.31421886401958093,0.0
2024-01-01 20:00:00,0.001,0.0,0.001,0.33534523770585906,0.0
2024-01-01 20:15:00,0.001,0.0,0.001,0.09000000000000001,0.0
2024-01-01 20:30:00,0.001,0.0,0.001,0.145,0.0
2024-01-01 20:45:00,0.001,0.0,0.001,0.057,0.0
2024-01-01 21:00:00,0.001,0.0,0.001,0.111,0.0
2024-01-01 21:15:00,0.001,0.0,0.001,0.225,0.0
2024-01-01 21:30:00,0.001,0.0,0.001,0.04766666666666667,0.0
2024-01-01 21:45:00,0.001,0.0,0.001,0.057,0.0
2024-01-01 22:00:00,0.001,0.0,0.001,0.145,0.0
2024-01-01 22:15:00,0.001,0.0,0.001,0.075,0.0
2024-01-01 22:30:00,0.001,0.0,0.001,0.225,0.0
2024-01-01 22:45:00,0.001,0.0,0.001,0.09833333333333334,0.0
2024-01-01 23:00:00,0.001,0.0,0.001,0.035,0.0
2024-01-01 23:15:00,0.001,0.0,0.001,0.06433333333333333,0.0
2024-01-01 23:30:00,0.001,0.0,0.001,0.7425999999999999,0.0
2024-01-01 23:45:00,0.001,0.0,0.001,0.3602666666666667,0.0
2024-01-02 00:00:00,0.001,0.0,0.001,0.391,0.0
2024-01-02 00:15:00,0.001,0.0,0.001,0.277,0.0
2024-01-02 00:30:00,0.001,0.0,0.001,0.277,0.0
2024-01-02 00:45:00,0.001,0.0,0.001,0.24106666666666668,0.0
2024-01-02 01:00:00,0.001,0.0,0.001,0.38,0.0
2024-01-02 01:15:00,0.001,0.0,0.001,0.24806666666666669,0.0
2024-01-02 01:30:00,0.001,0.0,0.001,0.035,0.0
2024-01-02 01:45:00,0.001,0.0,0.001,0.035,0.0
2024-01-02 02:00:00,0.001,0.0,0.001,0.035,0.0
2024-01-02 02:15:00,0.001,0.0,0.001,0.14233333333333334,0.0
2024-01-02 02:30:00,0.001,0.0,0.001,0.32766666666666666,0.0
2024-01-02 02:45:00,0.001,0.0,0.001,0.060333333333333336,0.0
2024-01-02 03:00:00,0.001,0.0,0.001,0.035,0.0
2024-01-02 03:15:00,0.001,0.0,0.001,0.035,0.5333333333333333
2024-01-02 03:30:00,0.001,0.0,0.001,0.04766666666666667,1.0666666666666667
2024-01-02 03:45:00,0.001,0.0,0.001,0.2763333333333334,0.0
2024-01-02 04:00:00,0.001,0.0,0.001,0.20633333333333334,0.0
2024-01-02 04:15:00,0.001,0.0,0.001,0.035,2.1333333333333333
2024-01-02 04:30:00,0.001,0.0,0.001,0.43479999999999996,0.26666666666666666
2024-01-02 04:45:00,0.001,0.0,0.001,0.16826666666666668,0.0
2024-01-02 05:00:00,0.001,0.0,0.001,0.187,0.0
2024-01-02 05:15:00,0.001,0.0,0.001,0.22033333333333335,0.0
2024-01-02 05:30:00,0.001,0.0,0.001,0.123,0.0
2024-01-02 05:45:00,0.001,0.0,0.001,0.035,0.0
2024-01-02 06:00:00,0.001,0.0,0.001,0.035,0.0
2024-01-02 06:15:00,0.001,0.0,0.001,0.13633333333333333,0.0
2024-01-02 06:30:00,0.001,0.0,0.001,0.21233333333333335,0.0
2024-01-02 06:45:00,0.001,0.0,0.001,0.10099999999999999,0.0
2024-01-02 07:00:00,0.001,0.0,0.001,0.11566666666666665,0.0
2024-01-02 07:15:00,0.001,0.0,0.001,0.035,0.0
2024-01-02 07:30:00,0.001,0.0,0.001,0.08566666666666668,0.0
2024-01-02 07:45:00,0.001,0.0,0.001,0.225,0.0
2024-01-02 08:00:00,0.001,0.0,0.001,0.073,0.0
2024-01-02 08:15:00,0.001,0.0,0.001,0.10833333333333334,0.0
2024-01-02 08:30:00,0.001,0.0,0.001,0.10833333333333334,0.0
2024-01-02 08:45:00,0.001,0.0,0.001,0.035,0.0
2024-01-02 09:00:00,0.001,0.0,0.001,0.225,0.0
2024-01-02 09:15:00,0.001,0.0,0.001,0.12366666666666666,0.0
2024-01-02 09:30:00,0.001,0.0,0.001,0.035,2.1333333333333333
2024-01-02 09:45:00,0.001,0.0,0.001,0.11566666666666665,0.0
2024-01-02 10:00:00,0.001,0.0,0.001,0.10099999999999999,0.0
2024-01-02 10:15:00,0.001,0.0,0.001,0.17433333333333334,0.0
2024-01-02 10:30:00,0.001,0.0,0.001,0.17433333333333334,0.0
2024-01-02 10:45:00,0.001,0.0,0.001,0.035,0.0
2024-01-02 11:00:00,0.001,0.0,0.001,0.035,0.0
2024-01-02 11:15:00,0.001,0.0,0.001,0.123,0.0
2024-01-02 11:30:00,0.001,0.0,0.001,0.18233333333333332,0.0
2024-01-02 11:45:00,0.001,0.0,0.001,0.225,0.0
2024-01-02 12:00:00,0.001,0.0,0.001,0.43479999999999996,0.0
2024-01-02 12:15:00,0.001,0.0,0.001,0.035,0.0
2024-01-02 12:30:00,0.001,0.0,0.001,0.035,0.0
2024-01-02 12:45:00,0.001,0.0,0.001,0.16833333333333333,0.0
2024-01-02 13:00:00,0.001,0.0,0.001,0.2763333333333334,0.0
2024-01-02 13:15:00,0.001,0.0,0.001,0.08566666666666668,0.0
2024-01-02 13:30:00,0.001,0.0,0.001,0.035,0.0
2024-01-02 13:45:00,0.001,0.0,0.001,0.035,0.0
2024-01-02 14:00:00,0.001,0.0,0.001,0.035,0.0
2024-01-02 14:15:00,0.001,0.0,0.001,0.31500000000000006,0.0
2024-01-02 14:30:00,0.001,0.0,0.001,0.18033333333333335,0.0
2024-01-02 14:45:00,0.001,0.0,0.001,0.035,0.0
2024-01-02 15:00:00,0.001,0.0,0.001,0.035,0.0
2024-01-02 15:15:00,0.001,0.0,0.001,0.035,0.0
2024-01-02 15:30:00,0.001,0.0,0.001,0.16166666666666668,0.0
2024-01-02 15:45:00,0.001,0.0,0.001,0.36960000000000004,2.1333333333333333
2024-01-02 16:00:00,0.001,0.0,0.001,0.22001190437252574,0.0
2024-01-02 16:15:00,0.001,0.0,0.001,0.1875521973529143,0.0
2024-01-02 16:30:00,0.001,0.0,0.001,0.1875521973529143,0.0
2024-01-02 16:45:00,0.001,0.0,0.001,0.2664921973529143,0.0
2024-01-02 17:00:00,0.001,0.0,0.001,0.3995855306862477,0.0
2024-01-02 17:15:00,0.001,0.0,0.001,0.324918864019581,0.0
2024-01-02 17:30:00,0.001,0.0,0.001,0.23158553068624765,0.0
2024-01-02 17:45:00,0.001,0.0,0.001,1.3838333333333332,0.0
2024-01-02 18:00:00,0.001,0.0,0.001,2.236233333333333,0.0
2024-01-02 18:15:00,0.001,0.0,0.001,0.48169999999999996,0.0
2024-01-02 18:30:00,0.001,0.0008,0.001,0.3697,0.0
2024-01-02 18:45:00,0.001,1.2004666666666668,0.001,0.4017,0.0
2024-01-02 19:00:00,0.001,0.001,0.001,0.36665421227449907,0.0
2024-01-02 19:15:00,0.001,0.001,0.001,0.32325219735291433,0.0
2024-01-02 19:30:00,0.001,0.001,0.001,0.48791886401958096,0.0
2024-01-02 19:45:00,0.001,0.001,0.001,0.4918521973529143,0.0
2024-01-02 20:00:00,0.001,0.001,0.001,0.516918864019581,0.0
2024-01-02 20:15:00,0.001,0.001,0.001,0.6059805859607772,0.0
2024-01-02 20:30:00,0.001,0.30086666666666667,0.001,0.5183666666666668,0.0
2024-01-02 20:45:00,0.001,2.1000666666666667,0.001,0.5813,0.0
2024-01-02 21:00:00,0.001,0.001,0.001,0.5703417578823314,0.0
2024-01-02 21:15:00,0.001,0.0004,0.001,1.4427855306862476,0.0
2024-01-02 21:30:00,0.001,0.0,0.001,1.8712521973529141,0.0
2024-01-02 21:45:00,0.001,0.0,0.001,0.3789721973529143,0.26666666666666666
2024-01-02 22:00:00,0.001,0.0,0.001,0.25821886401958094,1.8666666666666667
2024-01-02 22:15:00,0.001,0.0,0.001,0.7668347982352762,0.0
2024-01-02 22:30:00,0.001,0.0,0.001,0.21288553068624766,0.0
2024-01-02 22:45:00,0.001,0.0,0.001,0.3004855306862476,0.0
2024-01-02 23:00:00,0.001,0.0,0.001,0.22421886401958097,0.0
2024-01-02 23:15:00,0.001,0.0,0.001,0.31021886401958093,0.0
2024-01-02 23:30:00,0.001,0.0,0.001,0.3565173991176381,0.0
2024-01-02 23:45:00,0.001,0.0,0.001,0.19973333333333335,0.0
2024-01-03 00:00:00,0.001,0.0,0.001,0.156,0.0
2024-01-03 00:15:00,0.001,0.0,0.001,0.156,0.0
2024-01-03 00:30:00,0.001,0.0,0.001,0.2,0.0
2024-01-03 00:45:00,0.001,0.0,0.001,0.4106666666666667,0.0
2024-01-03 01:00:00,0.001,0.0,0.001,0.24233333333333332,0.0
2024-01-03 01:15:00,0.001,0.0,0.001,0.035,0.0
2024-01-03 01:30:00,0.001,0.0,0.001,0.035,0.0
2024-01-03 01:45:00,0.001,0.0,0.001,0.051133333333333336,0.0
2024-01-03 02:00:00,0.001,0.0,0.001,0.30866666666666664,0.0
2024-01-03 02:15:00,0.001,0.0,0.001,0.4286666666666667,0.0
2024-01-03 02:30:00,0.001,0.0,0.001,0.156,0.0
2024-01-03 02:45:00,0.001,0.0,0.001,0.156,0.0
2024-01-03 03:00:00,0.001,0.0,0.001,0.6890666666666666,0.0
2024-01-03 03:15:00,0.001,0.0,0.001,0.09373333333333335,0.0
2024-01-03 03:30:00,0.001,0.0,0.001,0.2836666666666667,0.0
2024-01-03 03:45:00,0.001,0.0,0.001,0.161,0.0
2024-01-03 04:00:00,0.001,0.0,0.001,0.035,0.0
2024-01-03 04:15:00,0.001,0.0,0.001,0.035,2.4
2024-01-03 04:30:00,0.001,0.0,0.001,0.035,0.0
2024-01-03 04:45:00,0.001,0.0,0.001,0.225,0.0
2024-01-03 05:00:00,0.001,0.0,0.001,0.18966666666666665,0.0
2024-01-03 05:15:00,0.001,0.0,0.001,0.11566666666666665,0.0
2024-01-03 05:30:00,0.001,0.0,0.001,0.035,0.0
2024-01-03 05:45:00,0.001,0.0,0.001,0.5680666666666666,0.0
2024-01-03 06:00:00,0.001,0.0,0.001,0.17433333333333334,0.0
2024-01-03 06:15:00,0.001,0.0,0.001,0.17433333333333334,0.0
2024-01-03 06:30:00,0.001,0.0,0.001,0.10833333333333334,0.0
2024-01-03 06:45:00,0.001,0.0,0.001,0.10833333333333334,0.0
2024-01-03 07:00:00,0.001,0.0,0.001,0.035,0.0
2024-01-03 07:15:00,0.001,0.0,0.001,0.2412733333333333,0.0
2024-01-03 07:30:00,0.001,0.0,0.001,0.36069999999999997,0.0
2024-01-03 07:45:00,0.001,0.0,0.001,0.1707,0.0
2024-01-03 08:00:00,0.001,0.0,0.001,0.2513666666666667,0.0
2024-01-03 08:15:00,0.001,0.0,0.001,0.7697666666666666,0.0
2024-01-03 08:30:00,0.001,0.0,0.001,0.20869999999999997,0.0
2024-01-03 08:45:00,0.001,0.0,0.001,0.4456333333333333,0.0
2024-01-03 09:00:00,0.001,0.0,0.001,0.32016666666666665,0.0
2024-01-03 09:15:00,0.001,0.0,0.001,0.3231,0.0
2024-01-03 09:30:00,0.001,0.0,0.001,0.4837,0.0
2024-01-03 09:45:00,0.001,0.0,0.001,0.36943333333333334,0.0
2024-01-03 10:00:00,0.001,0.0,0.001,0.4794333333333333,0.0
2024-01-03 10:15:00,0.001,0.0,0.001,0.37689999999999996,0.0
2024-01-03 10:30:00,0.001,0.0,0.001,0.1707,0.0
2024-01-03 10:45:00,0.001,0.0,0.001,0.1707,0.0
2024-01-03 11:00:00,0.001,0.0,0.001,0.30031190437252575,0.0
2024-01-03 11:15:00,0.001,0.0,0.001,0.39325219735291433,0.0
2024-01-03 11:30:00,0.001,0.0,0.001,0.3672521973529143,2.6666666666666665
2024-01-03 11:45:00,0.001,0.0,0.001,0.21351886401958095,0.0
2024-01-03 12:00:00,0.001,0.0,0.001,0.2022521973529143,0.0
2024-01-03 12:15:00,0.001,0.0,0.001,0.47245739911763807,0.0
2024-01-03 12:30:00,0.001,0.0,0.001,0.34693333333333337,0.0
2024-01-03 12:45:00,0.001,0.0,0.001,0.5355333333333333,0.0
2024-01-03 13:00:00,0.001,0.0,0.001,0.04766666666666667,0.0
2024-01-03 13:15:00,0.001,0.0,0.04455419540545832,0.035,0.0
2024-01-03 13:30:00,0.001,0.0,0.20731554370726968,0.035,0.0
2024-01-03 13:45:00,0.001,0.0,0.8902552693618025,0.060333333333333336,0.0
2024-01-03 14:00:00,0.001,0.0,0.42325419234686357,0.8680666666666668,0.0
2024-01-03 14:15:00,0.001,0.0,0.1434758900354722,0.13500000000000004,0.0
2024-01-03 14:30:00,0.001,0.0,0.24618820814434933,0.035,0.0
2024-01-03 14:45:00,0.001,0.0,0.67508669111518,0.035,0.0
2024-01-03 15:00:00,0.001,0.0,0.10709226375653774,0.035,0.0
2024-01-03 15:15:00,0.001,0.0,0.07616556942132369,0.207,0.0
2024-01-03 15:30:00,0.001,0.0,0.001,0.259,0.0
2024-01-03 15:45:00,0.001,0.0,0.001,0.06433333333333333,0.0
2024-01-03 16:00:00,0.001,0.0,0.001,0.035,0.0
2024-01-03 16:15:00,0.001,0.0,0.001,0.035,0.0
2024-01-03 16:30:00,0.001,0.0,0.001,0.149,0.0
2024-01-03 16:45:00,0.001,0.0,0.001,0.21433333333333332,0.0
2024-01-03 17:00:00,0.001,0.0,0.001,2.4373333333333336,0.0
2024-01-03 17:15:00,0.001,0.0,0.001,0.8566666666666667,0.0
2024-01-03 17:30:00,0.001,0.0,0.001,0.053931318411748586,0.0
2024-01-03 17:45:00,0.001,0.0,0.001,0.15408553068624764,0.5333333333333333
2024-01-03 18:00:00,0.001,0.0,0.001,0.3775521973529143,1.6
2024-01-03 18:15:00,0.001,0.0,0.001,0.23488553068624762,0.0
2024-01-03 18:30:00,0.001,0.0,0.001,0.830618864019581,0.0
2024-01-03 18:45:00,0.001,0.0,0.001,0.17066666666666666,0.0
2024-01-03 19:00:00,0.001,0.0,0.001,0.16866666666666666,0.0
2024-01-03 19:15:00,0.001,0.0,0.001,0.362827838588221,0.0
2024-01-03 19:30:00,0.001,0.0,0.001,0.15061886401958097,0.0
2024-01-03 19:45:00,0.001,0.0,0.001,0.09588553068624764,0.0
2024-01-03 20:00:00,0.001,0.0,0.001,0.1765521973529143,0.0
2024-01-03 20:15:00,0.001,0.0,0.001,0.07388553068624763,0.0
2024-01-03 20:30:00,0.001,0.0,0.001,0.21855219735291428,0.0
2024-01-03 20:45:00,0.001,0.0,0.001,0.5800507324509714,0.0
2024-01-03 21:00:00,0.001,0.0,0.001,0.156,0.0
2024-01-03 21:15:00,0.001,0.0,0.001,0.19266666666666668,0.0
2024-01-03 21:30:00,0.001,0.0,0.001,0.266,0.0
2024-01-03 21:45:00,0.001,0.0,0.001,0.2573333333333333,0.0
2024-01-03 22:00:00,0.001,0.0,0.001,0.3333333333333333,0.0
2024-01-03 22:15:00,0.001,0.0,0.001,0.13986666666666667,0.0
2024-01-03 22:30:00,0.001,0.0,0.001,0.156,0.0
2024-01-03 22:45:00,0.001,0.0,0.001,0.2,0.0
2024-01-03 23:00:00,0.001,0.0,0.001,0.30933333333333335,0.0
2024-01-03 23:15:00,0.001,0.0,0.001,0.32986666666666664,0.0
2024-01-03 23:30:00,0.001,0.0,0.001,0.17786666666666667,0.0
2024-01-03 23:45:00,0.001,0.0,0.001,0.156,0.0
2024-01-04 00:00:00,0.001,0.0,0.001,0.156,0.0
2024-01-04 00:15:00,0.001,0.0,0.001,0.20733333333333334,0.0
2024-01-04 00:30:00,0.001,0.0,0.001,0.401,0.0
2024-01-04 00:45:00,0.001,0.0,0.001,0.12366666666666666,0.0
2024-01-04 01:00:00,0.001,0.0,0.001,0.09146666666666667,0.0
2024-01-04 01:15:00,0.001,0.0,0.001,0.156,0.0
2024-01-04 01:30:00,0.001,0.0,0.001,0.156,0.0
2024-01-04 01:45:00,0.001,0.0,0.001,0.35400000000000004,0.0
2024-01-04 02:00:00,0.001,0.0,0.001,0.38333333333333336,0.0
2024-01-04 02:15:00,0.001,0.0,0.001,0.156,0.0
2024-01-04 02:30:00,0.001,0.0,0.001,0.035,0.0
2024-01-04 02:45:00,0.001,0.0,0.001,0.035,0.0
2024-01-04 03:00:00,0.001,0.0,0.001,0.12366666666666666,0.0
2024-01-04 03:15:00,0.001,0.0,0.001,0.29100000000000004,0.0
2024-01-04 03:30:00,0.001,0.0,0.001,0.6487333333333333,0.0
2024-01-04 03:45:00,0.001,0.0,0.001,0.035,0.8
2024-01-04 04:00:00,0.001,0.0,0.001,0.5680666666666666,0.0
2024-01-04 04:15:00,0.001,0.0,0.001,0.073,0.8
2024-01-04 04:30:00,0.001,0.0,0.001,0.225,1.6
2024-01-04 04:45:00,0.001,0.0,0.001,0.15899999999999997,0.0
2024-01-04 05:00:00,0.001,0.0,0.001,0.10833333333333334,0.0
2024-01-04 05:15:00,0.001,0.0,0.001,0.035,0.0
2024-01-04 05:30:00,0.001,0.0,0.001,0.035,0.0
2024-01-04 05:45:00,0.001,0.0,0.001,0.21233333333333335,0.0
2024-01-04 06:00:00,0.001,0.0,0.001,0.13633333333333333,0.0
2024-01-04 06:15:00,0.001,0.0,0.001,0.11566666666666665,0.0
2024-01-04 06:30:00,0.001,0.0,0.001,0.6340666666666668,0.0
2024-01-04 06:45:00,0.001,0.0,0.001,0.035,0.0
2024-01-04 07:00:00,0.001,0.0,0.001,0.16166666666666668,0.0
2024-01-04 07:15:00,0.001,0.0,0.001,0.187,0.0
2024-01-04 07:30:00,0.001,0.0,0.001,0.035,0.0
2024-01-04 07:45:00,0.001,0.0,0.001,0.123,0.0
2024-01-04 08:00:00,0.001,0.0,0.001,0.09366666666666666,0.26666666666666666
2024-01-04 08:15:00,0.001,0.0,0.001,0.111,0.0
2024-01-04 08:30:00,0.001,0.0,0.001,0.6248,0.26666666666666666
2024-01-04 08:45:00,0.001,0.0,0.001,0.8473333333333334,0.0
2024-01-04 09:00:00,0.001,0.0,0.001,2.1141333333333336,0.0
2024-01-04 09:15:00,0.001,0.0,0.001,0.1492646517450819,2.1333333333333333
2024-01-04 09:30:00,0.001,0.0,0.001,0.14321886401958095,0.0
2024-01-04 09:45:00,0.001,0.0,0.001,0.2565521973529143,0.0
2024-01-04 10:00:00,0.001,0.0,0.001,0.1298855306862476,0.0
2024-01-04 10:15:00,0.001,0.0,0.001,0.07261886401958098,0.0
2024-01-04 10:30:00,0.001,0.0,0.001,0.44780000000000003,0.0
2024-01-04 10:45:00,0.001,0.0,0.001,0.8170000000000001,0.0
2024-01-04 11:00:00,0.001,0.0,0.001,0.6564666666666666,0.0
2024-01-04 11:15:00,0.001,0.0,0.001,0.16199999999999998,0.0
2024-01-04 11:30:00,0.001,0.0,0.001,0.03586666666666667,0.0
2024-01-04 11:45:00,0.001,0.0,0.001,0.035,0.0
2024-01-04 12:00:00,0.001,0.0,0.001,0.035,0.0
2024-01-04 12:15:00,0.001,0.0,0.001,0.259,0.0
2024-01-04 12:30:00,0.001,0.0,0.001,0.23633333333333334,0.0
2024-01-04 12:45:00,0.001,0.0,0.001,0.035,0.0
2024-01-04 13:00:00,0.001,0.0,0.001,0.035,0.0
2024-01-04 13:15:00,0.001,0.0,0.001,0.035,0.0
2024-01-04 13:30:00,0.001,0.0,0.001,0.10566666666666666,0.0
2024-01-04 13:45:00,0.001,0.0,0.001,0.335,0.0
2024-01-04 14:00:00,0.001,0.0,0.001,0.08966666666666666,1.3333333333333333
2024-01-04 14:15:00,0.001,0.0,0.001,0.035,0.8
2024-01-04 14:30:00,0.001,0.0,0.001,0.035,0.0
2024-01-04 14:45:00,0.001,0.0,0.001,0.04766666666666667,0.0
2024-01-04 15:00:00,0.001,0.0,0.001,0.23966666666666667,0.0
2024-01-04 15:15:00,0.001,0.0,0.001,0.221,0.0
2024-01-04 15:30:00,0.001,0.0,0.001,0.057,0.0
2024-01-04 15:45:00,0.001,0.0,0.001,0.035,0.0
2024-01-04 16:00:00,0.001,0.0,0.001,0.035,0.0
2024-01-04 16:15:00,0.001,0.0,0.001,0.187,0.0
2024-01-04 16:30:00,0.001,0.0,0.001,0.18366666666666667,0.0
2024-01-04 16:45:00,0.001,0.0,0.001,0.145,0.0
2024-01-04 17:00:00,0.001,0.0,0.001,0.049666666666666665,0.0
2024-01-04 17:15:00,0.001,0.0,0.001,0.035,0.0
2024-01-04 17:30:00,0.001,0.0,0.001,0.13633333333333333,0.0
2024-01-04 17:45:00,0.001,0.0,0.001,0.21233333333333335,0.0
2024-01-04 18:00:00,0.001,0.0,0.001,0.06433333333333333,0.0
2024-01-04 18:15:00,0.001,0.0,0.001,0.145,0.0
2024-01-04 18:30:00,0.001,0.0,0.001,0.042333333333333334,0.26666666666666666
2024-01-04 18:45:00,0.001,0.0,0.001,0.08566666666666668,2.1333333333333333
2024-01-04 19:00:00,0.001,0.0,0.001,0.225,0.0
2024-01-04 19:15:00,0.001,0.0,0.001,0.10526666666666666,0.0
2024-01-04 19:30:00,0.001,0.0,0.001,0.7425611719215542,0.0
2024-01-04 19:45:00,0.001,0.0,0.001,2.2780855306862478,0.0
2024-01-04 20:00:00,0.001,0.0,0.001,2.3095521973529145,0.0
2024-01-04 20:15:00,0.001,0.0,0.001,0.5178855306862477,0.0
2024-01-04 20:30:00,0.001,0.0,0.001,0.2930785710391924,0.0
2024-01-04 20:45:00,0.001,0.0,0.001,0.29,0.0
2024-01-04 21:00:00,0.9887669884116619,0.0,0.001,0.33313333333333334,0.0
2024-01-04 21:15:00,1.9270935187488678,0.0,0.001,0.3796666666666667,0.0
2024-01-04 21:30:00,1.7897319924923003,0.0,0.001,0.38406666666666667,0.0
2024-01-04 21:45:00,0.5252236169965309,0.0,0.001,0.4082666666666667,0.0
2024-01-04 22:00:00,0.007731632694274237,0.0,0.001,0.5989313184117486,0.0
2024-01-04 22:15:00,0.001,0.0,0.001,0.1875521973529143,0.0
2024-01-04 22:30:00,0.001,0.0,0.001,0.23888553068624763,0.0
2024-01-04 22:45:00,0.001,0.0,0.001,0.3231521973529143,0.0
2024-01-04 23:00:00,0.001,0.0,0.001,0.3775521973529143,0.0
2024-01-04 23:15:00,0.001,0.0,0.001,0.23595219735291428,0.0
2024-01-04 23:30:00,0.001,0.0,0.001,0.277,0.0
2024-01-04 23:45:00,0.001,0.0,0.001,0.277,0.0
2024-01-05 00:00:00,0.001,0.0,0.001,0.3172,0.0
2024-01-05 00:15:00,0.001,0.0,0.001,0.44304666666666664,0.0
2024-01-05 00:30:00,0.001,0.0,0.001,0.2859,0.0
2024-01-05 00:45:00,0.001,0.0,0.001,0.7037666666666667,0.0
2024-01-05 01:00:00,0.001,0.0,0.001,0.1707,0.0
2024-01-05 01:15:00,0.001,0.0,0.001,0.1707,0.0
2024-01-05 01:30:00,0.001,0.0,0.001,0.4140333333333333,0.0
2024-01-05 01:45:00,0.001,0.0,0.001,0.35269999999999996,0.0
2024-01-05 02:00:00,0.001,0.0,0.001,0.1707,0.0
2024-01-05 02:15:00,0.001,0.0,0.001,0.1707,0.0
2024-01-05 02:30:00,0.001,0.0,0.001,0.1707,0.0
2024-01-05 02:45:00,0.001,0.0,0.001,0.29736666666666667,0.0
2024-01-05 03:00:00,0.001,0.0,0.001,0.39603333333333335,0.0
2024-01-05 03:15:00,0.001,0.0,0.001,0.24403333333333332,0.0
2024-01-05 03:30:00,0.001,0.0,0.001,0.1707,0.0
2024-01-05 03:45:00,0.001,0.0,0.001,0.1707,0.0
2024-01-05 04:00:00,0.001,0.0,0.001,0.2467,0.0
2024-01-05 04:15:00,0.001,0.0,0.001,0.36069999999999997,3.7333333333333334
2024-01-05 04:30:00,0.001,0.0,0.001,0.26403333333333334,0.0
2024-01-05 04:45:00,0.001,0.0,0.001,0.2367,0.0
2024-01-05 05:00:00,0.001,0.0,0.001,0.5704999999999999,0.0
2024-01-05 05:15:00,0.001,0.0,0.001,0.1960333333333333,0.0
2024-01-05 05:30:00,0.001,0.0,0.001,0.30641999999999997,0.0
2024-01-05 05:45:00,0.001,0.0,0.001,0.09833333333333334,0.0
2024-01-05 06:00:00,0.001,0.0,0.001,0.5228,0.0
2024-01-05 06:15:00,0.001,0.0,0.001,0.09366666666666666,0.0
2024-01-05 06:30:00,0.001,0.0,0.001,0.16826666666666668,0.0
2024-01-05 06:45:00,0.001,0.0,0.001,0.5994666666666666,0.0
2024-01-05 07:00:00,0.001,0.0,0.001,0.15246666666666667,2.4
2024-01-05 07:15:00,0.001,0.0,0.001,0.048,0.0
2024-01-05 07:30:00,0.001,0.0,0.001,0.14333333333333334,0.0
2024-01-05 07:45:00,0.001,0.0,0.001,0.09933333333333333,0.0
2024-01-05 08:00:00,0.001,0.0,0.001,0.16199999999999998,0.0
2024-01-05 08:15:00,0.001,0.0,0.001,0.20486666666666667,0.0
2024-01-05 08:30:00,0.001,0.0,0.001,0.04626666666666667,0.0
2024-01-05 08:45:00,0.2961258633825041,0.0,0.001,0.048,0.0
2024-01-05 09:00:00,1.8140885884329891,0.0,0.001,0.15066666666666664,0.0
2024-01-05 09:15:00,1.8922650708095505,0.0,0.001,0.15533333333333335,0.0
2024-01-05 09:30:00,1.1641807619465079,0.0,0.001,0.23366666666666666,0.0
2024-01-05 09:45:00,0.7629091473840078,0.0,0.001,0.08136813156860953,0.0
2024-01-05 10:00:00,0.9269486213469028,0.0,0.001,0.8787521973529144,0.0
2024-01-05 10:15:00,0.9884624320778702,0.0,0.001,2.321685530686248,0.0
2024-01-05 10:30:00,1.5560592985108217,0.0,0.001,1.3134855306862476,0.0
2024-01-05 10:45:00,0.001,0.0,0.001,0.427218864019581,1.3333333333333333
2024-01-05 11:00:00,0.001,0.0,0.001,0.651110439470583,1.0666666666666667
2024-01-05 11:15:00,0.001,0.0,0.001,0.27113333333333334,0.0
2024-01-05 11:30:00,0.001,0.0,0.001,0.2608666666666667,0.0
2024-01-05 11:45:00,0.001,0.0,0.001,0.6841333333333334,0.0
2024-01-05 12:00:00,0.001,0.0,0.001,0.5621382780588038,0.0
2024-01-05 12:15:00,0.001,0.0,0.001,0.6309521973529144,0.0
2024-01-05 12:30:00,0.001,0.0,0.001,1.4032855306862477,0.0
2024-01-05 12:45:00,0.001,0.0,0.001,1.2322188640195813,0.0
2024-01-05 13:00:00,0.001,0.0,0.001,0.13391538419605334,0.0
2024-01-05 13:15:00,0.001,0.0,0.001,0.8180666666666667,0.0
2024-01-05 13:30:00,0.001,0.0,0.001,0.4563333333333333,0.0
2024-01-05 13:45:00,0.001,0.0,0.001,0.1858,0.0
2024-01-05 14:00:00,0.001,0.0,0.001,0.156,0.0
2024-01-05 14:15:00,0.001,0.0,0.001,0.09146666666666667,0.0
2024-01-05 14:30:00,0.001,0.0,0.001,0.08566666666666668,0.0
2024-01-05 14:45:00,0.001,0.0,0.001,0.247,0.0
2024-01-05 15:00:00,0.001,0.0,0.001,0.19426666666666667,2.4
2024-01-05 15:15:00,0.001,0.0,0.001,0.32920000000000005,0.0
2024-01-05 15:30:00,0.001,0.0,0.001,0.1812666666666667,0.0
2024-01-05 15:45:00,0.001,0.0,0.001,0.048,0.0
2024-01-05 16:00:00,0.001,0.0,0.001,0.22673333333333334,0.0
2024-01-05 16:15:00,0.001,0.0,0.001,0.153,0.0
2024-01-05 16:30:00,0.001,0.0,0.001,0.145,0.0
2024-01-05 16:45:00,0.001,0.0,0.001,0.042333333333333334,0.0
2024-01-05 17:00:00,0.001,0.0,0.001,0.035,0.0
2024-01-05 17:15:00,0.001,0.0,0.001,0.6709333333333334,0.0
2024-01-05 17:30:00,0.001,0.0,0.001,0.29533333333333334,0.0
2024-01-05 17:45:00,0.001,0.0,0.001,0.19266666666666668,0.0
2024-01-05 18:00:00,0.001,0.0,0.001,0.266,0.0
2024-01-05 18:15:00,0.001,0.0,0.001,0.156,0.0
2024-01-05 18:30:00,0.001,0.0,0.001,0.6728666666666666,0.0
2024-01-05 18:45:00,0.001,0.0,0.001,0.225,0.0
2024-01-05 19:00:00,0.001,0.0,0.001,0.035,2.4
2024-01-05 19:15:00,0.001,0.0,0.001,0.18386666666666668,0.0
2024-01-05 19:30:00,0.001,0.0,0.001,0.2586666666666667,0.0
2024-01-05 19:45:00,0.001,0.0,0.001,0.20241391929411048,0.0
2024-01-05 20:00:00,0.001,0.0,0.001,0.4904855306862476,0.0
2024-01-05 20:15:00,0.001,0.0,0.001,1.7986188640195808,0.0
2024-01-05 20:30:00,0.001,0.0,0.001,1.588018864019581,0.0
2024-01-05 20:45:00,0.001,0.0,0.001,0.35988553068624757,0.0
2024-01-05 21:00:00,0.001,0.0,0.001,0.3151521973529142,0.0
2024-01-05 21:15:00,0.001,0.0,0.001,0.37260494472547045,0.0
2024-01-05 21:30:00,0.001,0.0,0.001,0.2888855306862476,0.0
2024-01-05 21:45:00,0.001,0.0,0.001,0.6115521973529143,0.0
2024-01-05 22:00:00,0.001,0.0,0.001,0.3085521973529143,0.0
2024-01-05 22:15:00,0.001,0.0,0.001,0.28655219735291426,0.0
2024-01-05 22:30:00,0.001,0.0,0.001,0.38118406578430475,0.0
2024-01-05 22:45:00,0.001,0.0,0.001,0.3272785710391924,0.0
2024-01-05 23:00:00,0.001,0.0,0.001,0.13915219735291431,0.0
2024-01-05 23:15:00,0.001,0.0,0.001,0.1875521973529143,0.0
2024-01-05 23:30:00,0.001,0.0,0.001,0.1875521973529143,0.0
2024-01-05 23:45:00,0.001,0.0,0.001,0.3295521973529143,0.0
2024-01-06 00:00:00,0.001,0.0,0.001,0.4329771061372495,0.0
2024-01-06 00:15:00,0.001,0.0,0.001,0.1364,0.0
2024-01-06 00:30:00,0.001,0.0,0.001,0.035,0.0
2024-01-06 00:45:00,0.001,0.0,0.001,0.035,0.0
2024-01-06 01:00:00,0.001,0.0,0.001,0.060333333333333336,0.0
2024-01-06 01:15:00,0.001,0.0,0.001,0.6981333333333334,0.0
2024-01-06 01:30:00,0.001,0.0,0.001,0.7047333333333333,0.0
2024-01-06 01:45:00,0.001,0.0,0.001,0.035,0.0
2024-01-06 02:00:00,0.001,0.0,0.001,0.035,0.0
2024-01-06 02:15:00,0.001,0.0,0.001,0.035,0.0
2024-01-06 02:30:00,0.001,0.0,0.001,0.1996666666666667,0.0
2024-01-06 02:45:00,0.001,0.0,0.001,0.22966666666666669,0.0
2024-01-06 03:00:00,0.001,0.0,0.001,0.10099999999999999,0.0
2024-01-06 03:15:00,0.001,0.0,0.001,0.035,0.0
2024-01-06 03:30:00,0.001,0.0,0.001,0.035,0.0
2024-01-06 03:45:00,0.001,0.0,0.001,0.149,0.0
2024-01-06 04:00:00,0.001,0.0,0.001,0.1996666666666667,0.26666666666666666
2024-01-06 04:15:00,0.001,0.0,0.001,0.123,2.933333333333333
2024-01-06 04:30:00,0.001,0.0,0.001,0.09366666666666666,0.8
2024-01-06 04:45:00,0.001,0.0,0.001,0.035,0.0
2024-01-06 05:00:00,0.001,0.0,0.001,0.09833333333333334,0.0
2024-01-06 05:15:00,0.001,0.0,0.001,0.7580666666666667,0.0
2024-01-06 05:30:00,0.001,0.0,0.001,0.060333333333333336,0.0
2024-01-06 05:45:00,0.001,0.0,0.001,0.13033333333333333,0.0
2024-01-06 06:00:00,0.001,0.0,0.001,0.08633333333333333,0.0
2024-01-06 06:15:00,0.001,0.0,0.001,0.04766666666666667,0.0
2024-01-06 06:30:00,0.001,0.0,0.001,0.225,0.0
2024-01-06 06:45:00,0.001,0.0,0.001,0.111,2.4
2024-01-06 07:00:00,0.001,0.0,0.001,0.035,0.0
2024-01-06 07:15:00,0.001,0.0,0.001,0.13766666666666666,0.0
2024-01-06 07:30:00,0.001,0.0,0.001,0.079,0.0
2024-01-06 07:45:00,0.001,0.0,0.001,0.187,0.0
2024-01-06 08:00:00,0.001,0.0,0.001,0.16166666666666668,0.0
2024-01-06 08:15:00,0.001,0.0,0.001,0.035,0.0
2024-01-06 08:30:00,0.001,0.7503333333333333,0.001,0.035,0.0
2024-01-06 08:45:00,0.001,2.25,0.001,0.145,0.0
2024-01-06 09:00:00,0.001,0.9006000000000001,0.042154049271240696,0.17300000000000001,0.0
2024-01-06 09:15:00,0.001,0.7506666666666667,0.3286032769611479,0.2236,0.0
2024-01-06 09:30:00,0.001,0.0003333333333333333,0.7776798389088754,0.048,0.0
2024-01-06 09:45:00,0.001,0.0,0.16114019821312534,1.3813333333333333,0.0
2024-01-06 10:00:00,0.001,0.0,0.1581828177695388,1.7843333333333333,0.0
2024-01-06 10:15:00,0.001,0.0,1.000722737988656,0.19566666666666668,0.0
2024-01-06 10:30:00,0.001,0.0,0.7836777193005633,1.6361999999999999,2.4
2024-01-06 10:45:00,0.001,0.0,0.12242849310647148,2.195,0.0
2024-01-06 11:00:00,0.001,0.0,0.2539360595937185,0.7423333333333333,0.0
2024-01-06 11:15:00,0.001,0.0,0.7200642343758334,2.2109333333333336,0.0
2024-01-06 11:30:00,0.001,0.0,0.2705145916472217,0.8121333333333334,0.0
2024-01-06 11:45:00,0.001,0.0,0.001,0.469,0.0
2024-01-06 12:00:00,0.001,0.0,0.001,0.7583333333333333,0.0
2024-01-06 12:15:00,0.001,0.0,0.001,0.25193333333333334,0.0
2024-01-06 12:30:00,0.001,0.0,0.001,0.13206666666666667,0.0
2024-01-06 12:45:00,0.001,0.0,0.001,0.126,0.0
2024-01-06 13:00:00,0.001,0.0,0.04455419540545832,0.23879999999999998,0.0
2024-01-06 13:15:00,0.001,0.0,0.20731554370726968,0.3408,0.0
2024-01-06 13:30:00,0.001,0.0,0.8902552693618025,0.17066666666666666,0.0
2024-01-06 13:45:00,0.001,0.0,0.42325419234686357,0.2124666666666667,0.0
2024-01-06 14:00:00,0.001,0.0,0.1434758900354722,0.8196,0.0
2024-01-06 14:15:00,0.001,0.0,0.24618820814434933,0.4398066666666666,0.0
2024-01-06 14:30:00,0.001,0.0,0.67508669111518,0.5240333333333334,0.0
2024-01-06 14:45:00,0.001,0.0,0.10709226375653774,0.40663333333333335,2.1333333333333333
2024-01-06 15:00:00,0.001,0.0,0.21072525923273164,0.20396666666666666,0.0
2024-01-06 15:15:00,0.001,0.0,0.9959464484620395,0.2917,0.0
2024-01-06 15:30:00,0.001,0.0,0.2055566101202542,0.3297,0.0
2024-01-06 15:45:00,0.001,0.0,0.001,0.48169999999999996,0.0
2024-01-06 16:00:00,0.001,0.0,0.001,0.38324029298038853,0.0
2024-01-06 16:15:00,0.001,0.0,0.001,0.4332521973529143,0.0
2024-01-06 16:30:00,0.001,0.0,0.001,0.32325219735291433,0.0
2024-01-06 16:45:00,0.001,0.0,0.21009531541237417,0.3716521973529143,0.0
2024-01-06 17:00:00,0.001,0.0,0.6512177418389324,0.6215855306862477,0.0
2024-01-06 17:15:00,0.001,0.0,0.4137072442888054,0.5371716113921372,0.0
2024-01-06 17:30:00,1.3312494268995703,0.0,0.16964365321084549,2.202366666666667,0.0
2024-01-06 17:45:00,1.9120072957021788,0.0007333333333333333,0.6030308412973945,1.3276999999999999,0.0
2024-01-06 18:00:00,1.975589256962361,1.2004666666666668,1.1911661941981222,0.2917,0.0
2024-01-06 18:15:00,1.7335662512467718,0.001,0.09525598664950095,0.42081739911763805,2.4
2024-01-06 18:30:00,0.08761334898773074,0.0009333333333333333,0.1389822423506404,0.4752521973529143,0.0
2024-01-06 18:45:00,0.001,0.0,0.4027552660211879,0.4200521973529143,0.0
2024-01-06 19:00:00,0.001,0.0,0.7422495318685893,0.49558553068624767,0.0
2024-01-06 19:15:00,0.001,0.0,0.001,0.5456521973529144,0.0
2024-01-06 19:30:00,0.001,0.0,0.001,0.4122521973529143,0.0
2024-01-06 19:45:00,0.001,0.0,0.001,0.5178382780588038,0.0
2024-01-06 20:00:00,0.001,0.0,0.11168793632775932,0.6761188640195809,0.0
2024-01-06 20:15:00,0.001,0.0,0.19883213881083456,0.33625219735291434,0.0
2024-01-06 20:30:00,0.001,0.0,1.1919111899081825,0.415918864019581,0.0
2024-01-06 20:45:00,0.001,0.0,0.10943051901756166,0.5533785710391924,0.0
2024-01-06 21:00:00,0.001,0.0,0.17218476076597364,0.6174243587646934,0.0
2024-01-06 21:15:00,0.001,0.0,0.35116374390942556,0.451118864019581,0.0
2024-01-06 21:30:00,0.001,0.0,0.5287194589028279,0.4442521973529143,0.0
2024-01-06 21:45:00,0.001,0.0,0.12049328674879728,0.3716521973529143,0.0
2024-01-06 22:00:00,0.001,0.0,0.29288461440607627,0.469918864019581,0.0
2024-01-06 22:15:00,0.001,0.0,1.6264374301973068,0.6748611719215544,0.0
2024-01-06 22:30:00,0.001,0.0,0.001,0.5309069596470553,0.0
2024-01-06 22:45:00,0.001,0.0,0.001,0.3716521973529143,0.0
2024-01-06 23:00:00,0.001,0.0,0.001,0.43618553068624766,0.0
2024-01-06 23:15:00,0.001,0.0,0.001,0.33938553068624766,0.0
2024-01-06 23:30:00,0.001,0.0,0.001,0.5912521973529145,0.0
2024-01-06 23:45:00,0.001,0.0,0.001,1.2005945052548876,0.0
2024-01-07 00:00:00,0.001,0.0,0.001,0.3723666666666667,0.0
2024-01-07 00:15:00,0.001,0.0,0.001,0.27360666666666666,0.0
2024-01-07 00:30:00,0.001,0.0,0.001,0.07533333333333334,0.0
2024-01-07 00:45:00,0.001,0.0,0.001,0.10640000000000001,0.0
2024-01-07 01:00:00,0.001,0.0,0.001,0.4266666666666667,0.0
2024-01-07 01:15:00,0.001,0.0,0.001,0.24733333333333332,0.0
2024-01-07 01:30:00,0.001,0.0,0.001,0.156,0.0
2024-01-07 01:45:00,0.001,0.0,0.001,0.07533333333333334,0.0
2024-01-07 02:00:00,0.001,0.0,0.001,0.5807333333333332,0.0
2024-01-07 02:15:00,0.001,0.0,0.001,0.225,0.0
2024-01-07 02:30:00,0.001,0.0,0.001,0.19899999999999998,0.0
2024-01-07 02:45:00,0.001,0.0,0.001,0.09366666666666666,0.0
2024-01-07 03:00:00,0.001,0.0,0.001,0.5680666666666666,0.0
2024-01-07 03:15:00,0.001,0.0,0.001,0.035,0.0
2024-01-07 03:30:00,0.001,0.0,0.001,0.7200666666666666,0.0
2024-01-07 03:45:00,0.001,0.0,0.001,0.16166666666666668,0.0
2024-01-07 04:00:00,0.001,0.0,0.001,0.13033333333333333,0.0
2024-01-07 04:15:00,0.001,0.0,0.001,0.08633333333333333,0.5333333333333333
2024-01-07 04:30:00,0.001,0.0,0.001,0.035,2.4
2024-01-07 04:45:00,0.001,0.0,0.001,0.13633333333333333,0.26666666666666666
2024-01-07 05:00:00,0.001,0.0,0.001,0.21233333333333335,0.0
2024-01-07 05:15:00,0.001,0.0,0.001,0.035,0.0
2024-01-07 05:30:00,0.001,0.0,0.001,0.13766666666666666,0.0
2024-01-07 05:45:00,0.001,0.0,0.001,0.079,0.5333333333333333
2024-01-07 06:00:00,0.001,0.0,0.001,0.08566666666666668,1.0666666666666667
2024-01-07 06:15:00,0.001,0.0,0.001,0.225,0.0
2024-01-07 06:30:00,0.001,0.0,0.001,0.8726,0.0
2024-01-07 06:45:00,0.001,0.0,0.001,0.035,0.0
2024-01-07 07:00:00,0.001,0.0,0.001,0.145,2.1333333333333333
2024-01-07 07:15:00,0.001,0.0,0.001,0.07166666666666667,0.26666666666666666
2024-01-07 07:30:00,0.001,0.0,0.001,0.225,0.0
2024-01-07 07:45:00,0.001,0.0,0.001,0.12366666666666666,0.0
2024-01-07 08:00:00,0.001,0.0,0.001,0.048,0.0
2024-01-07 08:15:00,0.001,0.0,0.001,0.05533333333333334,0.0
2024-01-07 08:30:00,0.001,0.0,0.001,0.158,0.0
2024-01-07 08:45:00,0.001,0.0,0.001,0.21666666666666667,0.0
2024-01-07 09:00:00,0.001,0.0,0.001,0.17433333333333334,0.0
2024-01-07 09:15:00,0.001,0.0,0.001,0.035,0.0
2024-01-07 09:30:00,0.001,0.0,0.001,0.035,0.0
2024-01-07 09:45:00,0.001,0.0,0.001,0.049666666666666665,0.0
2024-01-07 10:00:00,0.001,0.0,0.001,0.23366666666666666,0.0
2024-01-07 10:15:00,0.001,0.0,0.001,0.247,0.0
2024-01-07 10:30:00,0.001,0.0,0.001,0.035,1.8666666666666667
2024-01-07 10:45:00,0.001,0.0,0.001,0.035,0.5333333333333333
2024-01-07 11:00:00,0.001,0.0,0.001,0.035,0.0
2024-01-07 11:15:00,0.001,0.0,0.001,0.095,0.0
2024-01-07 11:30:00,0.001,0.0,0.001,0.335,0.0
2024-01-07 11:45:00,0.001,0.0,0.001,0.10033333333333334,0.0
2024-01-07 12:00:00,0.001,0.0,0.001,0.035,0.0
2024-01-07 12:15:00,0.001,0.0,0.001,0.035,0.0
2024-01-07 12:30:00,0.001,0.0,0.001,0.035,0.0
2024-01-07 12:45:00,0.001,0.0,0.001,0.24166666666666667,0.0
2024-01-07 13:00:00,0.001,0.0,0.001,0.24633333333333335,0.0
2024-01-07 13:15:00,0.001,0.0,0.001,0.042333333333333334,0.0
2024-01-07 13:30:00,0.001,0.0,0.001,0.035,0.0
2024-01-07 13:45:00,0.001,0.0,0.001,0.035,0.0
2024-01-07 14:00:00,0.001,0.0,0.001,0.16166666666666668,0.0
2024-01-07 14:15:00,0.001,0.0,0.001,0.22366666666666665,2.1333333333333333
2024-01-07 14:30:00,0.001,0.0,0.001,0.145,0.26666666666666666
2024-01-07 14:45:00,0.001,0.0,0.001,0.035,0.0
2024-01-07 15:00:00,0.001,0.0,0.001,0.035,0.0
2024-01-07 15:15:00,0.001,0.0,0.001,0.111,0.0
2024-01-07 15:30:00,0.001,0.0,0.001,0.225,0.0
2024-01-07 15:45:00,0.001,0.0,0.001,0.09166666666666666,0.0
2024-01-07 16:00:00,0.001,0.0,0.001,0.13766666666666666,0.0
2024-01-07 16:15:00,0.001,0.0,0.001,0.035,0.0
2024-01-07 16:30:00,0.001,0.0,0.001,0.060333333333333336,0.0
2024-01-07 16:45:00,0.001,0.0,0.001,0.225,0.0
2024-01-07 17:00:00,0.001,0.0,0.001,0.09833333333333334,0.0
2024-01-07 17:15:00,0.001,0.0,0.001,0.08633333333333333,0.0
2024-01-07 17:30:00,0.001,0.0,0.001,0.13033333333333333,0.0
2024-01-07 17:45:00,0.001,0.0,0.001,0.035,0.0
2024-01-07 18:00:00,0.001,0.0,0.001,0.1996666666666667,2.4
2024-01-07 18:15:00,0.001,0.0,0.001,0.149,0.0
2024-01-07 18:30:00,0.001,0.0,0.001,0.035,0.0
2024-01-07 18:45:00,0.001,0.0,0.001,0.09366666666666666,0.0
2024-01-07 19:00:00,0.001,0.0,0.001,0.123,0.0
2024-01-07 19:15:00,0.001,0.0,0.001,0.149,0.0
2024-01-07 19:30:00,0.001,0.0,0.001,0.1996666666666667,0.0
2024-01-07 19:45:00,0.001,0.0,0.001,0.035,0.0
2024-01-07 20:00:00,0.001,0.0,0.001,0.035,0.0
2024-01-07 20:15:00,0.001,0.0,0.001,0.10099999999999999,0.0
2024-01-07 20:30:00,0.001,0.0,0.001,0.179,0.0
2024-01-07 20:45:00,0.001,0.0,0.001,0.225,0.0
2024-01-07 21:00:00,0.001,0.0,0.001,0.060333333333333336,0.0
2024-01-07 21:15:00,0.001,0.0,0.001,0.035,0.0
2024-01-07 21:30:00,0.001,0.0,0.001,0.035,0.0
2024-01-07 21:45:00,0.001,0.0,0.001,0.121,0.0
2024-01-07 22:00:00,0.001,0.0,0.001,0.2983333333333334,0.0
2024-01-07 22:15:00,0.001,0.0,0.001,0.111,0.0
2024-01-07 22:30:00,0.001,0.0,0.001,0.035,0.0
2024-01-07 22:45:00,0.001,0.0,0.001,0.035,0.0
2024-01-07 23:00:00,0.001,0.0,0.001,0.035,0.0
2024-01-07 23:15:00,0.001,0.0,0.001,0.2676666666666667,0.0
2024-01-07 23:30:00,0.001,0.0,0.001,0.22766666666666666,0.0
2024-01-07 23:45:00,0.001,0.0,0.001,0.035,0.0
